source,score,level
Gene10490__GPT2,1.3834590441026506,1
Gene10490__GPT2_reverse,-0.8790887539983429,1
Gene109__SLC29A1,0.37543284100696667,1
Gene119800002__SLC38A2,-0.17340143374428507,1
Gene1199__GOT2,1.383459044102652,1
Gene1199__GOT2_reverse,-0.7484976979228295,1
Gene125000002__SLC38A2,0.15060643596342288,1
Gene1338__AKR1B1,3.181555513401222,1
Gene1397__SDHA_SDHD_SDHC_SDHB,-0.6120753092753349,1
Gene1433__TMLHE,0.32876555995905077,1
Gene1561__AKR1B1,0.6492138789545832,1
Gene156__AKR1B1,1.9204042425238204,1
Gene1598__orphanReacr0480,0.4872612330328345,1
Gene1598__orphanReacr0480_reverse,-1.7536429356465726,1
Gene1611__GGCT,0.24272087814564647,1
Gene1664__orphanReacr0788_reverse,-1.7536429356465726,1
Gene1665__orphanReacr0789_reverse,-1.7536429356465726,1
Gene1684__orphanReacr0907_reverse,0.9099194760412697,1
Gene172__ASNS,0.5373772986260241,1
Gene17300002__SLC38A2,-0.6146380985542883,1
Gene1766__orphanReacr1435,-0.44667216276664434,1
Gene1767__orphanReacr1437,-0.09808096320641087,1
Gene177300002__orphanReacPHEt2m,-0.17340143374428524,1
Gene178__GOT2,1.383459044102652,1
Gene2341__PRDX6_reverse,-0.5530889780670517,1
Gene241__CDIPT,-0.06992257078545581,1
Gene241__CDIPT_reverse,-0.06189852393200408,1
Gene2730__orphanReacAHCYStm,0.48726123303283503,1
Gene330__CMPK1_reverse,-0.06992257078545581,1
Gene3422__orphanReacALAARGCYSr,-0.9712722292955778,1
Gene3423__orphanReacGLYTYRLYSr,0.7342858705138315,1
Gene3468__orphanReacASPHISCYSr,0.2788114150288084,1
Gene3474__orphanReacCYSASNMETr,-0.24212139886667025,1
Gene3480__orphanReacCYSASPPHEr,0.3160687161253224,1
Gene3483__orphanReacCYSGLUTRPr,0.9076210873209396,1
Gene3484__orphanReacCYSLEUTHRr,-0.5483713707819219,1
Gene3485__orphanReacCYSSERMETr,-0.14436711774706706,1
Gene3490__orphanReacCYSTYRASNr,-0.5316850631493829,1
Gene3521__orphanReacSERGLYGLUr,1.2673284502404918,1
Gene3558__orphanReacTYRCYSTHRr,-0.5657572466001394,1
Gene3572__orphanReacTRPGLYASPr,1.4687869083149712,1
Gene3636__GOT1,1.3834590441026506,1
Gene3636__GOT1_reverse,-0.044941551737717036,1
Gene3656__CTPS1,1.3834590441026506,1
Gene3777__TALDO1,-0.9909064004790741,1
Gene4741__FH,-0.6120753092753342,1
Gene4760__AKR1B1,-1.851606286409188,1
Gene5473__GOT2,1.383459044102652,1
Gene5592__GPT2,1.3834590441026506,1
Gene5592__GPT2_reverse,-1.5408775905244994,1
Gene5633__orphanReacASNtm,-0.6146380985542889,1
Gene5698__CEPT1,-0.06992257078545581,1
Gene5761__GOT1,1.3834590441026506,1
Gene5761__GOT1_reverse,-0.6943906974000741,1
Gene5767__SLC29A1,0.1583173992176549,1
Gene5909__GOT2,1.383459044102652,1
Gene6248__PLD2,-0.06189852393200408,1
Gene6254__PLD2,-0.4466721627666441,1
Gene6581__orphanReac3MHISc,0.4872612330328345,1
Gene6581__orphanReac3MHISc_reverse,-1.4102883749268957,1
Gene6630__orphanReacMETTRANSc,-1.2716401727121045,1
Gene6630__orphanReacMETTRANSc_reverse,0.297477456341411,1
Gene7095__orphanReacASNPHECYSr,-0.5181184544690937,1
Gene7096__orphanReacASNTYRGLYr,0.24288902381191588,1
Gene7102__orphanReacCYSGLNMETr,-0.10256578037757035,1
Gene7103__orphanReacCYSGLUHISr,0.6047775080727651,1
Gene7113__orphanReacGLYHISASNr,0.2191662001777691,1
Gene7285__PGLS,-0.20741863554399212,1
Gene7319__PSAT1,0.1682811355304645,1
Gene7326__SRM,-0.5396220826486728,1
Gene7328__TKT_reverse,-0.9909064004790741,1
Gene7330__orphanReacMETGLYARGr,1.0912707050562795,1
Gene7347__GOT1,1.3834590441026506,1
Gene7347__GOT1_reverse,-0.7484976979228297,1
Gene7350__GOT1,1.3834590441026506,1
Gene7350__GOT1_reverse,-0.7651007751251061,1
Gene7359__orphanReacPROASNCYSr,-0.32804639323733026,1
Gene738300002__SLC38A2,-0.3749720303291536,1
Gene7387__orphanReacTRPGLUGLYr,1.8853269173841605,1
Gene7423__orphanReacTYRCYSGLYr,0.5450010494762956,1
Gene7547__GFPT1,1.3834590441026506,1
Gene7548__SHMT1,1.2366722224509958,1
Gene7548__SHMT1_reverse,-0.4466721627666441,1
Gene756__GAMT_reverse,-1.7536429356465726,1
Gene7572__GMPS,-0.1782044041949316,1
Gene7700__PPAT,1.3834590441026506,1
Gene8417__THRA,1.2366722224509958,1
Gene89600002__SLC38A2,-0.23706548421326862,1
Gene9058__GCLC_GCLM,-0.8469164719501733,1
Gene922200002__SLC38A2,0.297477456341411,1
Gene9339__OAT,1.383459044102652,1
Gene9340__UMPS_reverse,0.40498018608516645,1
Gene9388__PCK2,-0.6773145287280803,1
Gene942__BCAT2,1.383459044102652,1
Gene9440__PTDSS2_reverse,-0.4466721627666441,1
Gene959100002__SLC38A2,-0.6730357710264696,1
Gene9616__GOT2_reverse,1.383459044102652,1
Gene9641__BCAT2,1.383459044102652,1
Gene965__GOT1,1.3834590441026506,1
Gene965__GOT1_reverse,-0.8790887539983429,1
Gene9683__GPT2,1.383459044102652,1
Gene9683__GPT2_reverse,-1.540877590524499,1
Gene9706__AKR1B1,0.6492138789545826,1
Gene974__BCAT2,1.383459044102652,1
Gene9891__orphanReacMETtm,0.29747745634141154,1
Gene9892__orphanReacthr_mt,-0.6730357710264699,1
parent_of_Metab__HMDB0000050_c1,0.3754328410069662,1
parent_of_Metab__HMDB0000050_c1_____Metab__HMDB0000742_c1,0.5467080911417174,1
parent_of_Metab__HMDB0000089_c1,0.15831739921765475,1
parent_of_Metab__HMDB0000094_c1,-1.5613079307759155,1
parent_of_Metab__HMDB0000094_m1,-1.5613079307759177,1
parent_of_Metab__HMDB0000095_c1,-0.06992257078545581,1
parent_of_Metab__HMDB0000099_c1,-0.005356873307272006,1
parent_of_Metab__HMDB0000123_c1,1.2366722224509958,1
parent_of_Metab__HMDB0000123_c1_____Metab__HMDB0000159_c1,0.7508822773365732,1
parent_of_Metab__HMDB0000123_c1_____Metab__HMDB0000161_c1,-0.024157087242678316,1
parent_of_Metab__HMDB0000123_c1_____Metab__HMDB0000162_c1,0.9847201333769159,1
parent_of_Metab__HMDB0000123_c1_____Metab__HMDB0000177_c1,0.7051610327706198,1
parent_of_Metab__HMDB0000123_c1_____Metab__HMDB0000574_c1,0.8050758180509375,1
parent_of_Metab__HMDB0000123_m1,1.2366722224509972,1
parent_of_Metab__HMDB0000133_c1,-0.2687312923196547,1
parent_of_Metab__HMDB0000134_c1,-0.6120753092753342,1
parent_of_Metab__HMDB0000134_m1,-0.6120753092753349,1
parent_of_Metab__HMDB0000139_c1,0.9005337011548332,1
parent_of_Metab__HMDB0000139_m1,0.9005337011548342,1
parent_of_Metab__HMDB0000148_c1,1.3834590441026506,1
parent_of_Metab__HMDB0000148_m1,1.383459044102652,1
parent_of_Metab__HMDB0000156_c1,-0.5352261400713204,1
parent_of_Metab__HMDB0000156_m1,-0.5352261400713207,1
parent_of_Metab__HMDB0000161_c1,-1.2716401727121045,1
parent_of_Metab__HMDB0000161_m1,-1.271640172712106,1
parent_of_Metab__HMDB0000162_c1_____Metab__HMDB0000574_c1,0.037364646726106406,1
parent_of_Metab__HMDB0000162_m1,0.15060643596342302,1
parent_of_Metab__HMDB0000177_c1_____Metab__HMDB0000574_c1,-0.23850110930518956,1
parent_of_Metab__HMDB0000187_c1,-0.4466721627666441,1
parent_of_Metab__HMDB0000187_c1_____Metab__HMDB0000574_c1,-0.38759208681899604,1
parent_of_Metab__HMDB0000187_m1_____Metab__HMDB0001846_m1,-0.44667216276664434,1
parent_of_Metab__HMDB0000190_c1,2.3017129288083447,1
parent_of_Metab__HMDB0000190_m1,2.301712928808347,1
parent_of_Metab__HMDB0000195_c1,-1.4643871915055422,1
parent_of_Metab__HMDB0000208_c1,-0.8790887539983429,1
parent_of_Metab__HMDB0000208_m1,-0.8790887539983441,1
parent_of_Metab__HMDB0000211_c1,-0.06189852393200408,1
parent_of_Metab__HMDB0000254_c1,0.32876555995905077,1
parent_of_Metab__HMDB0000254_c1_____Metab__HMDB0000725_c1,0.30806974675277277,1
parent_of_Metab__HMDB0000254_m1,0.3287655599590512,1
parent_of_Metab__HMDB0000254_m1_____Metab__HMDB0000725_m1,0.3080697467527727,1
parent_of_Metab__HMDB0000263_c1,-0.6773145287280795,1
parent_of_Metab__HMDB0000263_m1,-0.6773145287280803,1
parent_of_Metab__HMDB0000296_c1,0.9354242229170453,1
parent_of_Metab__HMDB0000574_c1,-0.09808096320641072,1
parent_of_Metab__HMDB0000618_c1,1.9661262298911428,1
parent_of_Metab__HMDB0000641_m1,-0.37497203032915355,1
parent_of_Metab__HMDB0000939_c1,0.4872612330328345,1
parent_of_Metab__HMDB0000939_c1_____Metab__M00213_c1,0.4872612330328345,1
parent_of_Metab__HMDB0000939_c1_____Metab__Ndmelys_c1,0.4872612330328345,1
parent_of_Metab__HMDB0000939_c1_____Metab__Ntmelys_c1,0.4872612330328345,1
parent_of_Metab__HMDB0001185_c1,-1.7536429356465726,1
parent_of_Metab__HMDB0001294_c1,-0.5787475170364097,1
parent_of_Metab__HMDB0001325_c1,-1.8478814136060058,1
parent_of_Metab__HMDB0001397_c1,-1.6448498425693094,1
parent_of_Metab__HMDB0001401_c1,-0.9694569950727978,1
parent_of_Metab__HMDB0001401_c1_____Metab__HMDB0001508_c1,-0.9694569950727978,1
parent_of_Metab__HMDB0001401_c1_____Metab__HMDB0003335_c1,-0.9694569950727978,1
parent_of_Metab__HMDB0001414_c1,0.9099194760412689,1
parent_of_Metab__HMDB0003229_c1,0.9118169027064895,1
ACO1,-2.4191818177868893,2
ADSL,-0.7202630819243522,2
AHCYL1,0.594675230117091,2
AKR1B1,1.8634492249556862,2
CAD,1.2986547564998707,2
CBS,-0.21902836671357623,2
CTPS1,1.298654756499871,2
ENO1,-0.7863547541836039,2
FH,-1.5693930847899829,2
G6PD,-1.0831595031436236,2
GAMT,-1.0538318128866573,2
GFPT1,1.2986547564998703,2
GPI,-1.0831595031436236,2
HK1,-1.901465971541373,2
HK2,-1.901465971541373,2
IDH1,-1.4102976993364975,2
IDH2,-0.9911857495914822,2
IREB2,-1.690324315389622,2
KMT2A,0.6785173068548142,2
KMT5A,0.6785173068548142,2
LDHA,3.2449307523799433,2
MDH1,-0.9125371077228923,2
Metab__3htmelys_c,1.1486858193494767,2
Metab__3mhis_c,-1.5344864609197324,2
Metab__4mtob_c,0.19756949306155777,2
Metab__HC02056_c,-0.17274569013429383,2
Metab__HMDB0000019_m,-0.9911857495914822,2
Metab__HMDB0000050_e,0.27617578886715727,2
Metab__HMDB0000051_c,-1.5235765070756442,2
Metab__HMDB0000072_m,-1.6903243153896241,2
Metab__HMDB0000082_c,-0.17274569013429383,2
Metab__HMDB0000089_e,0.057297184545614575,2
Metab__HMDB0000095_g,-0.17274569013429383,2
Metab__HMDB0000097_c,-0.5529433976323025,2
Metab__HMDB0000098_c,-1.992031522253527,2
Metab__HMDB0000099_e,-0.10766267565043881,2
Metab__HMDB0000123_e,1.1486858193494767,2
Metab__HMDB0000123_r,1.1486858193494767,2
Metab__HMDB0000123_x,1.1486858193494767,2
Metab__HMDB0000125_c,1.2986547564998707,2
Metab__HMDB0000128_c,0.38899468341274007,2
Metab__HMDB0000133_e,-0.37325337128989217,2
Metab__HMDB0000149_c,-0.5529433976323023,2
Metab__HMDB0000156_e,-0.6424828834592593,2
Metab__HMDB0000156_x,-0.6424828834592593,2
Metab__HMDB0000159_e,-0.2770836855645033,2
Metab__HMDB0000161_e,-1.3920055806459681,2
Metab__HMDB0000162_e,0.0495256582714919,2
Metab__HMDB0000167_e,-0.7820182260552803,2
Metab__HMDB0000168_e,-0.722858241616619,2
Metab__HMDB0000175_c,-1.776845534917176,2
Metab__HMDB0000177_e,-0.341302398073141,2
Metab__HMDB0000187_e,-0.5529433976323025,2
Metab__HMDB0000189_c,-1.0831595031436236,2
Metab__HMDB0000190_x,2.2514798818332573,2
Metab__HMDB0000193_c,-1.9103890061968358,2
Metab__HMDB0000193_m,-1.9103890061968385,2
Metab__HMDB0000195_e,-1.590230649880799,2
Metab__HMDB0000205_c,-0.8585397087937776,2
Metab__HMDB0000205_m,-0.8585397087937771,2
Metab__HMDB0000208_e,-0.9911857495914812,2
Metab__HMDB0000208_x,-0.9911857495914812,2
Metab__HMDB0000223_c,-0.5603037242832551,2
Metab__HMDB0000223_m,-2.091483787868064,2
Metab__HMDB0000224_c,0.38899468341273924,2
Metab__HMDB0000243_c,-1.3614488601005628,2
Metab__HMDB0000243_m,-0.47757439719877265,2
Metab__HMDB0000254_x,0.2291156656138069,2
Metab__HMDB0000296_e,0.8423025072245288,2
Metab__HMDB0000362_c,-0.7863547541836039,2
Metab__HMDB0000491_m,-0.9911857495914822,2
Metab__HMDB0000574_e,-0.20113358952844212,2
Metab__HMDB0000641_e,-0.48050518187621827,2
Metab__HMDB0000695_m,-0.9911857495914822,2
Metab__HMDB0000696_e,0.19756949306155794,2
Metab__HMDB0000707_c,-0.8753879203169781,2
Metab__HMDB0000707_m,-0.9911857495914822,2
Metab__HMDB0000721_c,0.8923266010926957,2
Metab__HMDB0000731_c,-0.20113358952844212,2
Metab__HMDB0000759_c,1.1486858193494767,2
Metab__HMDB0000868_c,1.8998235054185857,2
Metab__HMDB0001000_c,0.057297184545614575,2
Metab__HMDB0001022_m,0.22911566561380733,2
Metab__HMDB0001068_c,-1.1050139242477042,2
Metab__HMDB0001112_c,-1.5734229201142023,2
Metab__HMDB0001197_m,0.22911566561380733,2
Metab__HMDB0001201_m,0.22911566561380733,2
Metab__HMDB0001270_c,-0.6865222656855949,2
Metab__HMDB0001342_c,-0.7863547541836039,2
Metab__HMDB0001368_c,-0.8036641789255097,2
Metab__HMDB0001401_r,-1.0831595031436236,2
Metab__HMDB0001413_c,-0.17274569013429383,2
Metab__HMDB0001414_e,0.8164362167863811,2
Metab__HMDB0001434_c,1.2986547564998714,2
Metab__HMDB0001489_c,-0.42137764957806945,2
Metab__HMDB0001508_c,-0.1727456901342937,2
Metab__HMDB0001532_c,-1.0831595031436236,2
Metab__HMDB0001565_c,-1.8898792117628656,2
Metab__HMDB0001586_c,-1.0831595031436236,2
Metab__HMDB0001846_c,1.1486858193494767,2
Metab__HMDB0001846_m,1.1486858193494784,2
Metab__HMDB0002104_m,0.2155022600924344,2
Metab__HMDB0002757_c,1.2986547564998707,2
Metab__HMDB0003971_c,-0.5163584291983178,2
Metab__HMDB0003974_c,-0.9911857495914812,2
Metab__HMDB0003974_m,-0.9911857495914822,2
Metab__HMDB0004045_c,-0.9911857495914811,2
Metab__HMDB0006532_c,0.8183601940359702,2
Metab__HMDB0028848_c,0.6553564288435655,2
Metab__HMDB0028929_c,1.1486858193494767,2
Metab__HMDB0060173_c,-1.8898792117628644,2
Metab__HMDB0060244_c,-1.8898792117628647,2
Metab__HMDB0062628_c,-0.9892400380782395,2
Metab__HMDB0062643_c,-0.09414416021604688,2
Metab__HMDB0062755_c,-1.457547250851877,2
Metab__M00213_c,0.38899468341274024,2
Metab__M01389_c,-1.0831595031436236,2
Metab__Ndmelys_c,0.38899468341274024,2
Metab__Ntmelys_c,-1.988140689800009,2
Metab__alaargcys_c,-1.08500864677929,2
Metab__alaarggly_c,-0.12661243703235614,2
Metab__alaglylys_c,-0.12661243703235614,2
Metab__argcysgly_c,0.710207361907458,2
Metab__argcysser_c,-0.4932516134915935,2
Metab__argvalcys_c,-0.20113358952844212,2
Metab__asnphecys_c,-0.6251778860458637,2
Metab__asntyrgly_c,0.14253907404361923,2
Metab__asphiscys_c,0.1787512405325759,2
Metab__cdpdag_hs_c,-0.1727456901342937,2
Metab__cysasnmet_c,-0.3464034008614147,2
Metab__cysaspphe_c,0.21631362604218143,2
Metab__cysglnmet_c,-0.20565522337319847,2
Metab__cysgluhis_c,0.507649910199164,2
Metab__cysglutrp_c,0.8141057405701891,2
Metab__cysleuthr_c,-0.6557821055429945,2
Metab__cyssermet_c,-0.24780363977860057,2
Metab__cystyrasn_c,-0.638900680429089,2
Metab__dag_hs_c,-0.24506554955054366,2
Metab__glyhisasn_c,0.1186268135144766,2
Metab__glyhislys_c,0.6091086471901891,2
Metab__glylyscys_c,0.710207361907458,2
Metab__glylysphe_c,0.6553564288435655,2
Metab__glysar_c,1.1486858193494767,2
Metab__glytyrlys_c,0.6385660311838953,2
Metab__glyvalhis_c,0.6091086471901891,2
Metab__hisargcys_c,-0.34275080931547564,2
Metab__hisglylys_c,0.6091086471901891,2
Metab__ileglyarg_c,1.1486858193494767,2
Metab__lyscyshis_c,-0.34275080931547564,2
Metab__metglyarg_c,1.0005931859418327,2
Metab__mi1p_D_c,-0.16465672708659618,2
Metab__mlthf_c,-0.5529433976323018,2
Metab__pail_hs_c,-0.23358818021086258,2
Metab__proargcys_c,-0.06460375757523737,2
Metab__proasncys_c,-0.43312184554301286,2
Metab__procys_c,-0.06460375757523737,2
Metab__progly_c,0.8923266010926957,2
Metab__ps_hs_c,-0.965418470672044,2
Metab__r5p_c,1.8998235054185857,2
Metab__sercysarg_c,-0.4932516134915935,2
Metab__serglyglu_c,1.1799659214252158,2
Metab__trpglugly_c,1.8158071656209538,2
Metab__trpglyasp_c,1.3860722226960884,2
Metab__trpglyval_c,1.1486858193494767,2
Metab__tyrcysgly_c,0.44727970692242536,2
Metab__tyrcysthr_c,-0.6733749082714646,2
Metab__valarggly_c,1.1486858193494767,2
Metab__vanilpyr_c,-0.9911857495914786,2
ODC1,0.8164362167863811,2
P4HA2,0.2954442310144648,2
PFAS,1.2986547564998707,2
PGAM1,-0.6865222656855949,2
PGD,1.8998235054185857,2
PGM1,-1.0831595031436236,2
PLD2,-0.5089914147925804,2
PRDX6,-0.6605554916329731,2
SETD2,0.6785173068548142,2
SETDB1,0.6785173068548142,2
SLC25A1,-2.412600226909468,2
SLC29A1,-0.17093083599264947,2
SLC38A2,-1.0446205936629434,2
SUV39H1,0.6785173068548142,2
THRA,1.1486858193494767,2
TKT,-1.1050139242477055,2
parent_of_Gene2341__PRDX6_reverse1,-0.6605554916329731,2
parent_of_Gene757700002__BSG1,2.2514798818332573,2
parent_of_Gene9058__GCLC_GCLM1,-0.958479373199286,2
ACAT1,0.7827272337139785,3
ACTN1,0.31837272360014446,3
AKT1,-1.4849087813428594,3
ARF1,-0.31837272360014446,3
ATR,0.8238264658855571,3
CARM1,0.706844717810557,3
CASP3,1.425731736505825,3
CAV1,-2.3682568563460116,3
CCAR2,-0.8238264658855571,3
CDK1,1.6158400848732295,3
CSNK2A1,0.8715592165846093,3
DTL,-0.8238264658855571,3
EGFR,-0.31837272360014446,3
EGLN2,-0.5215955987241223,3
FGFR1,3.387803929381921,3
FYN,1.1936608928550658,3
GNAI1,0.31837272360014446,3
Gene10362__ACADVL_HADHA_HADHB,0.3908293477089746,3
Gene10364__ACADVL_HADHA_HADHB,0.3908293477089746,3
Gene10365__ACADVL_HADHA_HADHB,0.3908293477089746,3
Gene10371__ACADVL_HADHA_HADHB,0.3908293477089746,3
Gene10508__PLD2,-0.36062821948734924,3
Gene1170__PLD2,-0.3606282194873497,3
Gene1493__SLC29A1_reverse,0.982186404758668,3
Gene1541__ALDH4A1_reverse,0.37773797774561174,3
Gene2341__PRDX6,-0.46413319483538307,3
Gene243__CDS2,0.0046792935497240624,3
Gene2557__ACADVL_HADHA_HADHB,0.3908293477089746,3
Gene2560__ACADVL_HADHA_HADHB,0.3908293477089746,3
Gene2561__ACADVL_HADHA_HADHB,0.3908293477089746,3
Gene2568__ACADVL_HADHA_HADHB,0.3908293477089746,3
Gene2629__ACADVL_HADHA_HADHB,0.3908293477089746,3
Gene2636__ACADVL_HADHA_HADHB,0.3908293477089746,3
Gene2637__ACADVL_HADHA_HADHB,0.3908293477089746,3
Gene2648__ACADVL_HADHA_HADHB,0.3908293477089746,3
Gene2764__orphanReacMAL_Ltx_reverse,-0.44674520469793993,3
Gene2807__orphanReacSFCYSc,-0.022587384151022762,3
Gene2810__orphanReacMALt_reverse,-0.44674520469793993,3
Gene2978__orphanReac2OXOADPt_TRANSPORTER3_reverse,-0.7827272337139781,3
Gene315__SLC29A1_reverse,0.22566708651645956,3
Gene3200002__orphanReac3MOBt2im,-0.782727233713979,3
Gene3300002__orphanReac3MOPt2im,-0.7827272337139792,3
Gene330__CMPK1,0.0046792935497240624,3
Gene3418__orphanReacGLYLYSPHEr_reverse,0.8014611557697097,3
Gene3422__orphanReacALAARGCYSr_reverse,-0.8733462963695888,3
Gene3423__orphanReacGLYTYRLYSr_reverse,0.7852515622900379,3
Gene3424__orphanReacGLYVALHISr_reverse,0.7568211651999593,3
Gene3428__orphanReacALAARGGLYr_reverse,0.048990712649896,3
Gene3430__orphanReacALAGLYLYSr_reverse,0.048990712649896,3
Gene3441__orphanReacILEGLYARGr_reverse,1.2795420576310765,3
Gene3454__orphanReacARGVALCYSr_reverse,-0.02258738415102274,3
Gene3460__orphanReacLYSCYSHISr_reverse,-0.15862182194201888,3
Gene3468__orphanReacASPHISCYSr_reverse,0.34240139066003417,3
Gene3474__orphanReacCYSASNMETr_reverse,-0.1621308766868804,3
Gene3480__orphanReacCYSASPPHEr_reverse,0.37851820035250916,3
Gene3483__orphanReacCYSGLUTRPr_reverse,0.9548970739875277,3
Gene3484__orphanReacCYSLEUTHRr_reverse,-0.4595404144999705,3
Gene3485__orphanReacCYSSERMETr_reverse,-0.06741487761195644,3
Gene3489__orphanReacPROARGCYSr_reverse,0.10855333906651829,3
Gene3490__orphanReacCYSTYRASNr_reverse,-0.4432989634982117,3
Gene3520__orphanReacSERCYSARGr_reverse,-0.3032427610230617,3
Gene3521__orphanReacSERGLYGLUr_reverse,1.309995999374145,3
Gene3540__orphanReacTRPGLYVALr_reverse,1.2795420576310765,3
Gene3558__orphanReacTYRCYSTHRr_reverse,-0.4764683654551529,3
Gene3572__orphanReacTRPGLYASPr_reverse,1.511169116589327,3
Gene3684__CNDP2_reverse,1.279542057631076,3
Gene3686__PEPD_reverse,1.0306298717445774,3
Gene3711__IMPDH2,-1.2344284207230474,3
Gene3782__TKT_reverse,2.8928077251499853,3
Gene393100002__MPC1_MPC2,-0.6547849525046282,3
Gene4347__PLD2,-0.3606282194873497,3
Gene4760__AKR1B1_reverse,-1.7572332475285855,3
Gene5563__SLC29A1_reverse,0.43609343998824934,3
Gene5703__PCYT1A,0.004679293549723929,3
Gene5896__orphanReacDTTPtn_reverse,-0.585234688149789,3
Gene6248__PLD2_reverse,-0.05376048607361158,3
Gene6460__TPP1_reverse,1.2795420576310763,3
Gene6508__ACADVL_HADHA_HADHB,0.3908293477089746,3
Gene6517__ACADVL_HADHA_HADHB,0.3908293477089746,3
Gene6521__orphanReacLEUGLYHYc_reverse,1.2795420576310756,3
Gene6644__PEPD_reverse,1.0306298717445779,3
Gene6744__orphanReacCYST_Ltr_reverse,0.06719250655529053,3
Gene7060__orphanReacARGCYSGLYr_reverse,0.8544388058585088,3
Gene7061__orphanReacARGCYSSERr_reverse,-0.3032427610230615,3
Gene7095__orphanReacASNPHECYSr_reverse,-0.4300977984685338,3
Gene7096__orphanReacASNTYRGLYr_reverse,0.3075896971480428,3
Gene7102__orphanReacCYSGLNMETr_reverse,-0.0269304460765491,3
Gene7103__orphanReacCYSGLUHISr_reverse,0.658972954597808,3
Gene7113__orphanReacGLYHISASNr_reverse,0.28460557566937433,3
Gene7269__orphanReacGLYHISLYSr_reverse,0.7568211651999592,3
Gene7270__orphanReacGLYLYSCYSr_reverse,0.8544388058585091,3
Gene7286__orphanReacHISARGCYSr_reverse,-0.15862182194201888,3
Gene7291__orphanReacHISGLYLYSr_reverse,0.7568211651999595,3
Gene7328__TKT,-1.1857251960030162,3
Gene7330__orphanReacMETGLYARGr_reverse,1.1356116673834256,3
Gene7359__orphanReacPROASNCYSr_reverse,-0.24545259325202703,3
Gene7360__orphanReacPROCYSr_reverse,0.10855333906651829,3
Gene7387__orphanReacTRPGLUGLYr_reverse,1.9339469567340024,3
Gene7423__orphanReacTYRCYSGLYr_reverse,0.6008004592906986,3
Gene7428__orphanReacVALARGGLYr_reverse,1.2795420576310763,3
Gene7544__G6PD,-0.7808491040757384,3
Gene7546__GAPDH_reverse,-1.3472352411885058,3
Gene7550__orphanReacGLYPHEHYc_reverse,0.8014611557697098,3
Gene7706__HPRT1,-1.5459526693366585,3
Gene8887__orphanReacGLYitr_reverse,1.279542057631076,3
Gene9078__orphanReacGLYtp,1.2795420576310759,3
Gene9087__SLC29A1_reverse,-0.18792675622358354,3
Gene9439__PTDSS1,-0.7934488611194092,3
Gene9440__PTDSS2,-0.793448861119409,3
Gene944__SLC29A1_reverse,-1.3636201857297257,3
Gene9532__MDH1,-0.782727233713978,3
Gene9561__SUCLG1_SUCLG2,0.55443939103684,3
MAPK1,1.3840443234634763,3
MAPK3,1.425731736505825,3
MECP2,-0.8432218162353708,3
Metab__HMDB0000042_c,0.9571521107880742,3
Metab__HMDB0000990_c,-0.9571521107880742,3
Metab__HMDB0001426_c,0.9571521107880742,3
Metab__HMDB0003125_c,-0.7155494842415503,3
NFAT5,1.9811364440804746,3
NFE2L2,-0.7511627168018955,3
NR2F2,1.2795420576310759,3
PAK1,-0.26871837415717753,3
PAK4,1.3433076388943308,3
PDPK1,-0.7428945791983009,3
PKN1,-0.26871837415717753,3
PLK1,-0.8715592165846093,3
PPP1CA,-1.425731736505825,3
PRKACA,-1.425731736505825,3
PRKCA,0.2402351574650621,3
PRKCD,-0.686790836625256,3
PRKDC,-1.3433076388943308,3
PSIP1,-0.862389873578677,3
RALA,-0.31837272360014446,3
RARA,1.2795420576310759,3
RARG,1.2795420576310759,3
RPS6KB1,1.425731736505825,3
RXRB,1.2795420576310759,3
SIRT1,0.8238264658855571,3
SIRT2,-0.4891203091040626,3
SKP2,1.4008894337474054,3
SRC,-0.5852346881497882,3
TP53,1.5618823374544513,3
TRIM28,0.8238264658855571,3
TRIP11,1.2795420576310759,3
TXN,0.8238264658855571,3
parent_of_Metab__HC02056_c1,0.004679293549723865,3
parent_of_Metab__HMDB0000051_c1,-1.2986765362527124,3
parent_of_Metab__HMDB0000051_c1_____Metab__HMDB0003971_c1,-1.1514026772836798,3
parent_of_Metab__HMDB0000072_m1,-1.461320359084696,3
parent_of_Metab__HMDB0000082_c1,0.004679293549723877,3
parent_of_Metab__HMDB0000095_g1,0.004679293549723877,3
parent_of_Metab__HMDB0000123_e1,1.279542057631076,3
parent_of_Metab__HMDB0000125_c1,1.4257317365058246,3
parent_of_Metab__HMDB0000159_e1,-0.09553996149295116,3
parent_of_Metab__HMDB0000161_e1,-1.1707356955632435,3
parent_of_Metab__HMDB0000162_e1,0.2181995351355496,3
parent_of_Metab__HMDB0000167_e1,-0.5810579524477626,3
parent_of_Metab__HMDB0000168_e1,-0.5240937828981252,3
parent_of_Metab__HMDB0000177_e1,-0.15723033808550335,3
parent_of_Metab__HMDB0000187_e1,-0.3606282194873497,3
parent_of_Metab__HMDB0000189_c1,-0.8715592165846099,3
parent_of_Metab__HMDB0000190_e1,2.3682568563460116,3
parent_of_Metab__HMDB0000190_x1,2.3682568563460107,3
parent_of_Metab__HMDB0000193_c1,-1.676933009656316,3
parent_of_Metab__HMDB0000193_m1,-1.6769330096563186,3
parent_of_Metab__HMDB0000208_x1,-0.7827272337139782,3
parent_of_Metab__HMDB0000223_c1,-0.3677054344927791,3
parent_of_Metab__HMDB0000223_m1,-1.8552960133908125,3
parent_of_Metab__HMDB0000224_c1,0.5446684729969167,3
parent_of_Metab__HMDB0000243_c1,-1.1410673454682714,3
parent_of_Metab__HMDB0000243_m1,-0.2881740770097009,3
parent_of_Metab__HMDB0000254_x1,0.3908293477089742,3
parent_of_Metab__HMDB0000362_c1,-0.5852346881497889,3
parent_of_Metab__HMDB0000574_e1,-0.022587384151022762,3
parent_of_Metab__HMDB0000641_e1,-0.29099101705957847,3
parent_of_Metab__HMDB0000696_e1,0.36049447659803424,3
parent_of_Metab__HMDB0001000_c1,0.22566708651645964,3
parent_of_Metab__HMDB0001022_m1,0.3908293477089745,3
parent_of_Metab__HMDB0001068_c1_____Metab__HMDB0001112_c1,-1.5929392068307384,3
parent_of_Metab__HMDB0001197_m1,0.3908293477089746,3
parent_of_Metab__HMDB0001270_c1,-0.4891203091040628,3
parent_of_Metab__HMDB0001368_c1,-0.6019079531766858,3
parent_of_Metab__HMDB0001401_r1,-0.8715592165846101,3
parent_of_Metab__HMDB0001414_e1,0.9571521107880732,3
parent_of_Metab__HMDB0001489_c1,-0.2341670032695858,3
parent_of_Metab__HMDB0001508_c1_____Metab__HMDB0003971_c1,-0.22740042165782767,3
parent_of_Metab__HMDB0001508_c1_____Metab__gam6p_c1,0.0046792935497240624,3
parent_of_Metab__HMDB0001508_c1_____Metab__man6p_c1,0.0046792935497240624,3
parent_of_Metab__HMDB0001532_c1,-0.8715592165846101,3
parent_of_Metab__HMDB0001565_c1,-1.6567878448859215,3
parent_of_Metab__HMDB0001586_c1,-0.8715592165846099,3
parent_of_Metab__HMDB0001846_c1,1.2795420576310756,3
parent_of_Metab__HMDB0001846_m1,1.2795420576310774,3
parent_of_Metab__HMDB0003335_c1_____Metab__HMDB0003971_c1,-0.325454705392896,3
parent_of_Metab__HMDB0003971_c1,-0.325454705392896,3
parent_of_Metab__HMDB0003974_c1,-0.782727233713978,3
parent_of_Metab__HMDB0003974_m1,-0.782727233713979,3
parent_of_Metab__HMDB0006532_c1,0.9590138665045587,3
parent_of_Metab__HMDB0062643_c1,0.08017764654711815,3
parent_of_Metab__M01389_c1,-0.8715592165846099,3
parent_of_Metab__dag_hs_c1,-0.06478484212047228,3
parent_of_Metab__dag_hs_c1_____Metab__mi1p_D_c1,-0.037106698920328036,3
parent_of_Metab__mlthf_c1,-0.36062821948734886,3
parent_of_Metab__r5p_c1,2.017212325040933,3
ABL1,-1.8349535192843596,4
ACADVL,1.2522710272789275,4
ACLY,-0.477383038518223,4
ACP1,1.6705972509395566,4
AP2M1,0.426055513046877,4
APEX1,1.632538014403947,4
ARAF,1.9522425885475363,4
ARHGAP32,0.659994141478342,4
ARHGEF2,-1.648625524190575,4
ARHGEF7,-1.648625524190575,4
ARRB2,-0.2356650337017347,4
ASAP1,0.4260555130468769,4
ASXL1,1.2388013641441706,4
AURKA,-1.0030219604930695,4
AURKB,-1.5362950353992844,4
BACH1,0.8771301901819263,4
BAD,1.5362950353992844,4
BCL2L1,-1.5362950353992844,4
BCL6,-1.6325380144039479,4
BIRC2,-1.3926135314585415,4
BIRC5,-1.3926135314585415,4
BIRC6,-1.3926135314585415,4
BRCA1,-1.5362950353992844,4
BUB1,-1.0030219604930695,4
CAMK2G,0.426055513046877,4
CAMKK2,-1.648625524190575,4
CAPN1,0.3314491724913802,4
CASP8,1.3926135314585415,4
CASP9,1.3926135314585415,4
CCNA2,2.068272837514764,4
CCNH,1.2388013641441706,4
CDC25A,-1.3926135314585433,4
CDC42,1.3474493785337756,4
CDC7,-0.9934262777858489,4
CDK2,1.5257953115092435,4
CDK5,2.1383329704683107,4
CDK9,1.5362950353992844,4
CDKN1A,-1.5933628095113648,4
CHEK1,1.5362950353992844,4
CHEK2,1.5362950353992844,4
CHKA,-1.0304456617140798,4
CREB1,1.5362950353992844,4
CREBBP,0.4624067580460274,4
CSK,1.3090571347349877,4
CSNK1A1,1.5362950353992844,4
CSNK1G1,1.5362950353992844,4
CSNK2B,1.5362950353992844,4
CYTH2,-0.4260555130468769,4
DAG1,0.15446681496490225,4
DAPK3,1.5362950353992844,4
DAXX,1.5362950353992844,4
DBI,0.3109800353275422,4
DDX5,1.5362950353992844,4
DHFR,1.7629271382161296,4
DUSP1,1.9522425885475363,4
DUSP3,0.22053802196859215,4
DUSP5,0.030549044684119488,4
E2F1,3.600567611847929,4
EIF2AK2,-0.03954095643936564,4
ELAVL1,1.6325380144039472,4
EP300,1.5362950353992844,4
ERBB2,-1.3875255917913063,4
FBXW7,0.6376237163809372,4
GADD45A,-1.5933628095113648,4
GAPDH,-1.4952525927470035,4
GIT1,0.4260555130468769,4
GNAI2,-0.7039558207142591,4
GNAS,-0.7039558207142591,4
GNG12,1.5859616637636311,4
GRB10,-1.648625524190575,4
GRB2,-0.3744099871734181,4
GSK3B,0.47258662495113174,4
Gene4481__PRDX6,-0.8399317593297788,4
Gene9099__orphanReacH2O2tly_reverse,-0.8399317593297788,4
Gene9432__PRDX6,0.9010326027350714,4
HDAC1,0.06267576596681615,4
HDAC2,0.8771301901819263,4
HDAC3,1.1579555161848796,4
HIPK2,0.3945232713994764,4
HMGB1,1.5362950353992844,4
HNRNPK,1.5362950353992844,4
HOXB7,-1.4988307204584146,4
HSF1,-1.4988307204584146,4
HSP90AA1,-2.260510867035276,4
HSP90AB1,1.648625524190575,4
HSPB1,-2.317990495362029,4
HTT,-1.3926135314585415,4
IGF1R,-0.8684924677661238,4
ILK,-1.7892620822758538,4
IMPDH2,-1.3839855391901001,4
INCENP,-1.0030219604930695,4
IQGAP1,1.3487058299687498,4
IRS1,-3.0388209177217713,4
ITGB1,-1.4262506266135733,4
ITGB5,-0.7039558207142591,4
JUN,1.9818444663972863,4
KAT5,0.02611271128231452,4
KAT8,1.5362950353992844,4
KDM1A,-1.5362950353992844,4
KEAP1,0.8771301901819263,4
KHSRP,-0.7039558207142591,4
LMTK2,-1.585961663763631,4
LPIN1,-0.09025716119878809,4
LYN,-0.2065496422142934,4
MAML1,1.5362950353992844,4
MAP2K1,1.9522425885475363,4
MAP2K2,1.9522425885475363,4
MAP2K3,1.3926135314585433,4
MAP2K4,-0.8099054820935412,4
MAP3K14,1.3926135314585433,4
MAP3K2,1.3487058299687498,4
MAPK12,0.1674914438789127,4
MAPK14,-0.8903513301793957,4
MAPK8,0.32669183061491064,4
MAPK9,1.5362950353992844,4
MAPKAPK2,-1.0030219604930695,4
MAPKAPK5,1.5362950353992844,4
MDM2,-1.5362950353992844,4
MDM4,-1.5362950353992844,4
MSH2,0.7618176637749854,4
MTOR,-0.1784359634550297,4
MYC,-1.7287205741947551,4
Metab__3snpyr_m,-0.3946440179083222,4
Metab__4hexdtetcoa_m,0.31098003532754226,4
Metab__4hexdtricoa_m,0.31098003532754226,4
Metab__5eipencoa_m,0.31098003532754226,4
Metab__5tedtricoa_m,0.31098003532754226,4
Metab__HC02050_c,-0.09025716119878809,4
Metab__HMDB0000019_c,-0.9101145380431731,4
Metab__HMDB0000051_e,-1.451720532133801,4
Metab__HMDB0000072_c,-1.623636163097854,4
Metab__HMDB0000082_n,-0.09025716119878811,4
Metab__HMDB0000189_n,-1.0030219604930706,4
Metab__HMDB0000193_e,-1.8526317195362123,4
Metab__HMDB0000193_x,-1.96444442946548,4
Metab__HMDB0000243_x,2.398319335253778,4
Metab__HMDB0000491_c,-0.9101145380431733,4
Metab__HMDB0000660_c,-0.6957748471498559,4
Metab__HMDB0001000_n,0.13933000400281925,4
Metab__HMDB0001047_c,-0.4334228012372228,4
Metab__HMDB0001056_c,1.2388013641441717,4
Metab__HMDB0001056_m,1.2388013641441735,4
Metab__HMDB0001220_c,1.9522425885475363,4
Metab__HMDB0001342_n,-0.7039558207142598,4
Metab__HMDB0001409_c,0.13933000400281925,4
Metab__HMDB0001521_m,0.440974349756266,4
Metab__HMDB0001532_n,-1.0030219604930715,4
Metab__HMDB0002022_c,1.2388013641441717,4
Metab__HMDB0002070_m,-0.3946440179083222,4
Metab__HMDB0002329_c,0.7039558207142591,4
Metab__HMDB0003335_c,-1.0030219604930706,4
Metab__HMDB0003571_m,0.31098003532754226,4
Metab__HMDB0003974_x,-0.9101145380431725,4
Metab__HMDB0005896_c,1.9522425885475363,4
Metab__HMDB0006532_m,0.440974349756266,4
Metab__HMDB0060176_c,-0.9101145380431723,4
Metab__HMDB0060180_c,-0.9279452056668354,4
Metab__HMDB0062628_r,-1.0030219604930715,4
Metab__core2_g,-0.09025716119878811,4
Metab__gam6p_c,-1.2965899749796261,4
Metab__hexddcoa_m,0.3109800353275418,4
Metab__hexdtrcoa_m,0.3109800353275418,4
Metab__man6p_c,-0.4334228012372228,4
Metab__mercplac_c,-0.7213419893355539,4
Metab__mlthf_e,-0.4700185609369145,4
Metab__pa_hs_c,-0.23421964717488192,4
Metab__pail45p_hs_c,-0.16243042856881776,4
Metab__pail4p_hs_c,-0.16243042856881776,4
Metab__pe_hs_c,-0.9870483876269793,4
Metab__phsph1p_c,0.4709818569736314,4
Metab__phytcoa_x,0.3109800353275418,4
Metab__ptdcacoa_m,0.4409743497562659,4
Metab__sphs1p_c,0.4709818569736314,4
Metab__tetd7ecoa_m,0.31098003532754226,4
Metab__tetdecdicoa_m,0.31098003532754226,4
Metab__thexddcoa_m,0.440974349756266,4
Metab__tridcoa_m,0.31098003532754226,4
Metab__ttetddcoa_m,0.31098003532754226,4
NCK1,-0.3744099871734181,4
NCK2,-0.3744099871734181,4
NCOA1,0.6398479628447137,4
NCOA2,1.2388013641441706,4
NOLC1,-0.8116319560752346,4
NPM1,-1.5362950353992844,4
NR2F6,1.2388013641441702,4
NR3C1,-1.6530230262529164,4
NRIP1,1.2388013641441706,4
NUMB,1.5362950353992844,4
OXSR1,0.3744099871734181,4
PARP1,1.5362950353992844,4
PCYT1A,-0.09025716119878802,4
PDK1,-0.9268204612986427,4
PEA15,1.9522425885475363,4
PFKFB3,-0.4334228012372228,4
PGK1,-0.603790298878982,4
PHLPP1,0.05642534814135909,4
PIAS1,-0.07816272967647399,4
PIDD1,-1.4988307204584146,4
PIK3CA,-0.9729831776745694,4
PIK3CB,-0.8099054820935412,4
PIM1,1.3664434865264303,4
PIN1,0.7677285806732091,4
PKMYT1,-1.5933628095113648,4
PLCB3,-0.20989939988224798,4
PLCG1,-0.20989939988224798,4
PLCG2,-0.20989939988224798,4
PPP1CB,0.5023688813998288,4
PPP1CC,0.07816272967647399,4
PPP2CA,-0.5357296994645153,4
PPP2CB,0.2140129376771903,4
PPP2R2A,0.1784359634550297,4
PPP2R5C,0.1784359634550297,4
PRKAA1,1.5362950353992844,4
PRKAR1A,1.5859616637636311,4
PRNP,-1.2416690984534822,4
PRPS1,-0.011821997771156192,4
PRPS2,-0.011821997771156192,4
PTK2,-0.2356650337017347,4
PTPN1,1.2170500051808535,4
PTPN11,0.426055513046877,4
PTPN12,0.7039558207142591,4
PTPN2,-0.009271211042874093,4
PTPRA,0.3132722912822644,4
PTPRF,1.648625524190575,4
PTPRJ,-1.9418862981990994,4
RAC1,-1.6473483853887931,4
RALGDS,-0.42605551304687755,4
RB1,-2.1036032750694456,4
RB1CC1,1.5362950353992844,4
RBX1,0.8771301901819263,4
RCHY1,-1.5362950353992844,4
RGL2,-0.42605551304687755,4
RHOA,-0.5309761349435342,4
RIN1,-0.426055513046877,4
RIPK1,0.426055513046877,4
RPTOR,1.3926135314585435,4
RXRA,1.2388013641441706,4
SHC1,1.3487058299687498,4
SLC12A2,-1.451720532133801,4
SLC9A1,-1.451720532133801,4
SMAD2,-1.7287205741947551,4
SMAD7,-1.585961663763631,4
SMARCA4,-1.5362950353992844,4
SMO,-0.45294998562975936,4
SMPD1,-1.8311791662509538,4
STK11,1.3474398168105137,4
TAF1,-1.5362950353992844,4
TBK1,-1.648625524190575,4
TGFB1,-0.426055513046877,4
TNK2,-1.648625524190575,4
TOPBP1,0.7618176637749854,4
TOPORS,1.5362950353992844,4
TP53BP1,1.5362950353992844,4
TRIB3,1.648625524190575,4
TTK,1.5362950353992844,4
UBE3A,-1.5362950353992844,4
USP10,1.5362950353992844,4
VHL,1.5362950353992844,4
WEE1,-1.5933628095113648,4
XIAP,-1.3926135314585415,4
XPO1,-1.5362950353992844,4
parent_of_AKT11,-1.648625524190575,4
parent_of_CASP31,1.3926135314585415,4
parent_of_EGFR-1,0.426055513046877,4
parent_of_EGFR1,-0.426055513046877,4
parent_of_Gene4506__SCD1_____Gene5801__SCD1_____Gene9746__SCD1,0.902978316938575,4
parent_of_Gene5580__OGDH_DLD_PDHX_DLST1,0.3109800353275422,4
parent_of_Metab__HMDB0000042_c1,0.9010326027350711,4
parent_of_Metab__HMDB0000990_c1,-1.0926615694356576,4
parent_of_PAK11,-0.3744099871734181,4
parent_of_PLK11,-1.0030219604930695,4
parent_of_PPP1CA-1,1.585961663763631,4
parent_of_SP11,-1.7287205741947551,4
parent_of_TP53-1,-1.5362950353992844,4
parent_of_TP531,1.5362950353992844,4
AAK1,1.1351603726990878,5
ABL2,-0.35086489031474843,5
ACTA1,-1.353437952989639,5
ACTB,1.508481765797704,5
ACVR1B,-1.4206414713187243,5
ADAM10,-1.1392809950232563,5
ADAM17,-1.0783382390220233,5
ADAM9,-1.2404144516658944,5
AHSA1,-0.3579834060908561,5
AKT1S1,-1.1383032210502633,5
AKT2,-0.7942863421510715,5
AKT3,0.6895928783408034,5
ANAPC1,1.256653509228815,5
AP2B1,-0.19519095706823397,5
APC,1.8203657312898123,5
APP,1.2279995543734712,5
APPL1,1.1011301352026235,5
ARHGAP1,0.3980670143674306,5
ARHGAP33,1.353437952989639,5
ARHGDIA,0.3980670143674306,5
ASF1A,1.2566535092288131,5
ATF1,1.6249459339340497,5
ATF4,-0.37546359465952306,5
ATG13,1.2566535092288147,5
AXIN1,-0.028965975367820994,5
BAK1,-1.2566535092288131,5
BAX,-1.2566535092288131,5
BCAR1,-0.3779183091596573,5
BCL10,-1.4206414713187243,5
BCL3,0.7037127349332698,5
BCR,0.8302838991611324,5
BECN1,1.7855456396750717,5
BID,1.2618271541561579,5
BNIP3,1.2618271541561579,5
BNIP3L,1.2618271541561579,5
BRAF,2.2780887652080826,5
BRD4,2.2826775340408703,5
BRMS1,-1.7827203715484081,5
BTRC,-0.7223100251966303,5
CAMK1,-0.7068465318994582,5
CAPN2,0.37477306365811297,5
CASP2,1.0514310258447397,5
CASP6,1.0330667349909197,5
CASP7,-1.256653509228814,5
CAST,-0.26836902462427276,5
CBL,0.4744308142254214,5
CCND1,1.7311967963383275,5
CCND3,1.7311967963383275,5
CCNE1,3.046278352437923,5
CDC20,-0.30694467361567473,5
CDK4,1.5112703722374674,5
CDK6,2.162169471132852,5
CDK8,-2.838801823799583,5
CDKN1B,-0.8876883347206986,5
CEBPB,-1.1044740265776947,5
CFLAR,-1.5916756857325263,5
CHUK,0.6493606923212495,5
CLASP2,1.102171700416503,5
CLK2,0.9939237377469284,5
COL18A1,-1.1711614352622464,5
CRADD,1.0514310258447397,5
CREM,-1.2566535092288136,5
CRK,-0.42228072892395313,5
CRKL,-0.28344378796324693,5
CRTC2,-0.07121690647715874,5
CTBP1,-1.6105955409030124,5
CTDSP1,1.4206414713187243,5
CTNNB1,-2.5959348231824397,5
CTNND1,-1.353437952989639,5
CUL1,1.7397725907480037,5
DAB2IP,0.8349863743209001,5
DDB1,1.1939280094965035,5
DDB2,1.308889033980696,5
DDR1,1.1021717004165044,5
DIABLO,2.300725439931988,5
DNAJB1,1.770873294602418,5
DOCK7,-0.17727791125890877,5
DOK1,1.2404144516658944,5
DVL1,-0.27602222158454776,5
DVL2,-1.353437952989639,5
DVL3,-0.06793134087201014,5
E2F3,1.6966469364710028,5
ECT2,0.46927168430701555,5
EEF1A1,-0.1741283858736628,5
EFNB1,-0.3086291962663124,5
EIF4EBP1,-1.1383032210502633,5
EIF4G2,-1.6239152319413093,5
EPHA2,0.5607792358227889,5
EPS15,0.02626795510478679,5
ERRFI1,1.1392809950232563,5
EXOC2,-1.354492195994581,5
EZR,-0.19519095706823447,5
FADD,1.0514310258447397,5
FEN1,1.3360341699608063,5
FHL1,1.0117987337823493,5
FHL2,-1.256653509228815,5
FKBP8,-0.7842065819501678,5
FLNA,-1.2480619194153812,5
FN1,-1.7203039521876675,5
FRS2,0.026267955104786904,5
FZD7,-0.5782690195629547,5
G3BP1,-0.03488222098602644,5
GNA13,-0.4366907528256129,5
GNAQ,0.25501917035170196,5
GNB1,-0.15520577423153803,5
GNB2,-2.3495202196763794,5
GSK3A,0.44040848244885283,5
GSN,-1.1383032210502606,5
GTF2H1,-2.9873952165023305,5
Gene1337__SORD,-0.5715705640723211,5
Gene1776__orphanReacr1468,0.35793373938643386,5
Gene2570__ACADVL_HADHA_HADHB,0.25163312284080697,5
Gene3837__TYMS,1.0117987337823497,5
Gene5736__GCNT1,-0.07633411438409454,5
Gene6539__ACADVL_HADHA_HADHB,0.25163312284080697,5
Gene6747__orphanReacICITtr_reverse,-1.5231112407084488,5
Gene685__FASN,0.7361756339338703,5
Gene7551__ABCC1,-0.3868231832707979,5
Gene7844__PTGES3,1.6004090667295823,5
Gene7993__SPHK1,0.38247763133936663,5
Gene939__orphanReacIDPtn_reverse,-0.8233598883956197,5
Gene9532__MDH1_reverse,-0.7471703468885306,5
HBP1,1.420641471318723,5
HDAC6,-2.26666528341375,5
HDAC7,1.1383032210502606,5
HGS,-1.4206414713187243,5
HMGA2,-1.256653509228815,5
HRAS,0.6851374241871504,5
HSPA5,-1.019313884151033,5
HTRA2,0.9210435107724039,5
IER3,-0.14327920375445408,5
IKBKE,-1.972798932123531,5
IKBKG,-1.4206414713187243,5
IL6ST,0.2569433577146981,5
IRF1,1.1383032210502606,5
IRF3,1.1563572006583327,5
IRS2,-0.003836629520624079,5
ITCH,-1.9357623925834215,5
ITGA5,0.49972507641146546,5
ITGAV,-0.34356089312802435,5
JAK1,-0.6789529149466632,5
JUNB,1.2618271541561579,5
KHDRBS1,-0.37546359465952306,5
KPNA2,1.2566535092288138,5
KRAS,-0.11063571166342942,5
MAP2K7,1.1713627696666615,5
MAP3K11,0.6355601160567779,5
MAP3K3,0.333807580070515,5
MAP3K4,-0.36199568201738674,5
MAP3K7,1.0390810747366843,5
MAP4K4,-1.1921365703755138,5
MAPK8IP3,0.4170596727764008,5
MAPKAPK3,-1.9095864768521007,5
MARK2,1.3544921959945762,5
MAVS,-0.15186464896490107,5
MCM7,1.2618271541561632,5
MDC1,1.7827203715484081,5
MET,0.21210986563434142,5
MINK1,-0.7309695843583758,5
Metab__CE5253_c,-0.68964778359404455,5
Metab__HMDB0000586_c,-0.7987208836127035,5
Metab__HMDB0000990_e,-0.8969187321747426,5
Metab__HMDB0000990_m,-0.8969187321747426,5
Metab__HMDB0000990_r,-0.8969187321747426,5
Metab__HMDB0000990_x,-0.8969187321747426,5
Metab__HMDB0003125_l,-0.68964778359404455,5
NBN,1.2566535092288138,5
NCOR1,-0.2784444161320918,5
NCOR2,-0.2784444161320918,5
NEDD4,-0.7130533443570035,5
NEDD4L,0.08235709878004999,5
NEK2,-0.061319376984619284,5
NF2,0.35086489031474877,5
NFKB1,0.33447792817126065,5
NLK,-0.37546359465952306,5
NR1H2,1.0117987337823502,5
NRAS,-0.11063571166342942,5
NUP153,-1.9064279143404623,5
NUP50,-1.2618271541561632,5
PAK2,0.09019628186429134,5
PAXIP1,1.256653509228815,5
PCNA,1.2479986679861588,5
PEBP1,1.6004090667295818,5
PELP1,1.358122337600626,5
PIAS3,-1.4206414713187243,5
PIAS4,1.256653509228815,5
PIK3R2,-0.6094030797510435,5
PIN4,-2.5145595318164795,5
PINK1,-1.2618271541561579,5
PMAIP1,1.2618271541561579,5
PML,1.1591675226112619,5
PPME1,0.18991217619664486,5
PPP1R14B,-0.4081525462295045,5
PPP2R1A,-0.18991217619664486,5
PPP3CA,1.1622942008885535,5
PPP3CB,1.2566535092288131,5
PPP3R1,0,5
PPP5C,1.358122337600626,5
PRDX1,1.6004090667295818,5
PRKAB1,-2.5872625757236096,5
PRKACB,-1.2566535092288131,5
PRKCI,-1.7855456396750682,5
PTGES3,-1.861696664861337,5
PXN,-1.2267464553370686,5
RAD1,0.6205134355454079,5
RAD9A,1.3299982380045232,5
RAF1,-0.4164838307243799,5
RANBP2,-1.7929396103879474,5
RANBP3,-1.2618271541561632,5
RAP1A,-0.35086489031474877,5
RAPGEF1,-0.308629196266313,5
RASA1,0.5569577630157455,5
RASSF1,1.2618271541561612,5
RBL1,1.420641471318723,5
RBL2,-1.3088890339806973,5
RBPJ,1.6004090667295818,5
RECQL4,1.3360341699608063,5
RHEB,0.6999661838498621,5
RIPK2,-0.33004384438131845,5
RNF11,-0.3457321308827917,5
RNF111,-1.3771919567716744,5
ROCK1,-0.45402916399859866,5
RPS6KA1,1.010692880295857,5
RPS6KA3,0.5506815059633922,5
RPS6KA4,-0.11504605122809217,5
RRAGC,1.1383032210502633,5
RRAS,0.8812287649445694,5
RRAS2,0.27184949304402684,5
RUNX2,1.416651060224113,5
SDC4,-1.353437952989639,5
SET,-0.6264248903614715,5
SH3RF1,-0.410746108097426,5
SIAH1,-0.1315256771610058,5
SIAH2,-0.31994480013122717,5
SIK2,2.5145595318164795,5
SKI,-1.8957763357977115,5
SMAD3,1.3832052229098846,5
SMAD4,0.18751830465993746,5
SMURF2,-1.4206414713187243,5
SNTA1,-0.308629196266312,5
SOCS3,1.5227173891972308,5
SOCS7,2.5145595318164795,5
SOS1,-1.353437952989639,5
SPHK2,-0.5407774948382256,5
SPRY2,0.308629196266312,5
SQSTM1,-0.2602520787632706,5
STAT1,0.7375241933740578,5
STAT3,-0.45063080665988464,5
STIP1,0.3579834060908561,5
STK38,-1.1021717004165028,5
STK39,-1.36421260571302,5
STK4,-0.6650456031865938,5
STX1A,1.7548376010515085,5
SUMO1,-1.4229778205932115,5
TANK,-1.354492195994581,5
TCF3,-1.354492195994582,5
TDG,-0.6935751019441162,5
TELO2,-0.1484091739692771,5
TFDP1,0.8642394219440414,5
TGFB1I1,1.3027838132731748,5
TGFBR1,-0.4517725081686976,5
TGFBR2,-0.9370127033031892,5
TGM2,-1.7311967963383275,5
TICAM1,-0.7121252371461443,5
TLN1,-1.1645342744613882,5
TNFRSF10B,1.0514310258447397,5
TNFRSF1A,1.5916756857325263,5
TNIP2,1.4206414713187243,5
TRADD,0.19733142902586462,5
TRAF2,1.232844157833722,5
TRAF3,-1.7643242531932959,5
TRIO,-1.2685122641377924,5
TSC1,-1.354492195994582,5
TSC2,-1.0636309904100028,5
TYK2,0.8767390760043552,5
ULK1,1.78554563967507,5
VAV2,-0.4329472143183544,5
WNK1,0.9957926195243478,5
WWTR1,-1.4206414713187243,5
XPC,-1.2618271541561625,5
YAP1,-1.3027838132731748,5
YES1,-0.19519095706823447,5
YWHAE,-1.6004090667295816,5
YWHAG,-1.6004090667295816,5
YWHAH,1.423713420051443,5
YWHAQ,0.31809738716693053,5
YWHAZ,-1.6004090667295816,5
parent_of_ARHGAP11_____RHOA1,-0.4366907528256129,5
parent_of_AURKA-1,0.8233598883956158,5
parent_of_AURKA1,-0.8233598883956158,5
parent_of_BCL2L1-1,1.2618271541561579,5
parent_of_BRCA11,-1.2618271541561576,5
parent_of_CAMK11_____CAMK2G1_____CAMKK21_____IQGAP11_____MARCKS-1_____NRAS-1_____PPP3CA1_____PPP3CB1_____PPP3R11_____RAC11_____RIN11_____UNC13B1,-0.7234122379194481,5
parent_of_CASP91,1.1383032210502606,5
parent_of_CDC42-1_____RAC1-1,0.17727791125890877,5
parent_of_CDKN1A-1,1.308889033980696,5
parent_of_CSK1,1.069558291389847,5
parent_of_EIF2AK2-1,0.03488222098602644,5
parent_of_GADD45A-1,1.3088890339806973,5
parent_of_GADD45A1,-1.3088890339806973,5
parent_of_MAPK81,0.2644792729963472,5
parent_of_MDM21,-1.2618271541561612,5
parent_of_MYC1,-1.420641471318723,5
parent_of_Metab__HMDB0000019_c1,-0.7471703468885312,5
parent_of_Metab__HMDB0000051_e1,-1.1921365703755122,5
parent_of_Metab__HMDB0000072_c1,-1.3338671012757446,5
parent_of_Metab__HMDB0000082_n1,-0.07633411438409458,5
parent_of_Metab__HMDB0000189_n1,-0.8233598883956195,5
parent_of_Metab__HMDB0000193_x1,-1.6157239420121448,5
parent_of_Metab__HMDB0000243_x1,1.9713540500376194,5
parent_of_Metab__HMDB0000273_c1,1.1383032210502615,5
parent_of_Metab__HMDB0000491_c1,-0.7471703468885312,5
parent_of_Metab__HMDB0001000_n1,0.11131444859303415,5
parent_of_Metab__HMDB0001047_c1,-0.3568903913680156,5
parent_of_Metab__HMDB0001056_c1,1.0117987337823497,5
parent_of_Metab__HMDB0001056_m1,1.0117987337823513,5
parent_of_Metab__HMDB0001274_n1_____Metab__HMDB0001532_n1,-0.8233598883956204,5
parent_of_Metab__HMDB0001342_n1,-0.5782690195629554,5
parent_of_Metab__HMDB0001342_n1_____Metab__HMDB0001508_n1,-0.5782690195629554,5
parent_of_Metab__HMDB0001409_c1,0.11131444859303415,5
parent_of_Metab__HMDB0001532_n1,-0.8233598883956204,5
parent_of_Metab__HMDB0002022_c1,1.0117987337823497,5
parent_of_Metab__HMDB0002070_m1,-0.32517582198464146,5
parent_of_Metab__HMDB0002329_c1,0.5731304002510559,5
parent_of_Metab__HMDB0003335_c1_____Metab__gam6p_c1,-1.3393847857432521,5
parent_of_Metab__HMDB0003335_c1_____Metab__man6p_c1,-0.8363580140668617,5
parent_of_Metab__HMDB0003337_c1,1.256653509228815,5
parent_of_Metab__HMDB0003974_x1,-0.7471703468885307,5
parent_of_Metab__HMDB0060180_c1,-0.7617887463552137,5
parent_of_Metab__HMDB0062628_r1,-0.8233598883956204,5
parent_of_Metab__gam6p_c1,-1.064466716757032,5
parent_of_Metab__man6p_c1,-0.3568903913680156,5
parent_of_Metab__mercplac_c1,-0.5925054869244112,5
parent_of_Metab__pa_hs_c1,-0.19400937642333865,5
parent_of_Metab__pail45p_hs_c1,-0.1353261626222006,5
parent_of_Metab__pail4p_hs_c1,-0.13532616262220062,5
parent_of_Metab__phytcoa_x1,0.2516331228408068,5
parent_of_Metab__sphs1p_c1,0.38247763133936663,5
parent_of_NR3C11,-1.358122337600626,5
parent_of_PPP1CC1,0.061319376984619284,5
parent_of_RAC1-1_____RHOA-1,1.2685122641377924,5
parent_of_RAC11,-1.353437952989639,5
parent_of_RHOA-1,0.4366907528256129,5
parent_of_RHOA1,-0.4366907528256129,5
parent_of_SMAD2-1_____SMAD3-1,1.4206414713187243,5
ABCC1,-0.31091217162600515,6
ABI1,0.4419790019439294,6
ACTR2,-1.2170205482473715,6
AIMP1,-1.2170205482473775,6
ANAPC10,1.1275815820507293,6
ANAPC2,0.947055886264163,6
ANAPC4,1.1275815820507293,6
ANAPC5,1.1275815820507293,6
ANAPC7,1.1275815820507293,6
ARNT,-0.2794732521499274,6
ATAD5,2.034360182878882,6
ATG9A,-1.3752882833640683,6
BACE1,1.1024026031689287,6
BCL2L2,1.5220438452282252,6
BUB1B,0.24107633348024748,6
CABIN1,-0.7585092798639512,6
CCNE2,0.7492270850745266,6
CCP110,-0.6053640767256557,6
CD44,-0.35451669005709496,6
CDC16,1.1275815820507293,6
CDC23,1.1275815820507293,6
CDC27,0.6266646184876409,6
CDH2,-2.258149213903232,6
CDKN2C,-2.3301928584676346,6
CDKN2D,2.3301928584676346,6
CFL1,-1.1579241777874576,6
CTNNA1,1.1134040423714673,6
CTSL,1.132128457097568,6
CTTN,1.3491526592809042,6
CUL4A,-0.9034575183468414,6
DAP3,1.0236227006543808,6
DBF4,1.1321284570975785,6
DGKD,-0.14235654188686692,6
DGKZ,-0.14235654188686692,6
DIAPH1,-1.4810081980997272,6
DLG1,-0.3545166900570955,6
EGLN1,0.2794732521499274,6
EIF2A,-0.3009800221528688,6
EIF3I,-0.7924475547566254,6
EIF3J,-1.3960045321366237,6
EIF4E,1.0121554410747429,6
ERCC3,-1.0774211144352759,6
FANCE,0.05769548322468854,6
FBXO5,0.24107633348024748,6
FLCN,1.02362270065438,6
FOXO3,-0.7492270850745266,6
FZR1,1.1275815820507293,6
G3BP2,-0.003277789559244672,6
GABARAP,1.1579241777874598,6
GCNT1,-0.039506163319910755,6
GPX1,1.1275815820507413,6
GSTP1,1.1066592524430057,6
GTF2A2,-1.1620422987101824,6
GTF2F1,1.271805885628032,6
Gene4481__PRDX6_reverse,-0.5758095881151786,6
Gene5520__orphanReacACALDtm_reverse,-0.7573142714495743,6
Gene71__orphanReacACALDtr_reverse,-0.7573142714495744,6
Gene7379__orphanReacACALDt_reverse,-0.7573142714495743,6
HNRNPU,2.6091670742581012,6
HSPA9,1.1579241777874654,6
HSPD1,1.0728766219533694,6
ID3,1.1588509655627799,6
IFNAR1,-0.5664491477345447,6
IFNAR2,0.5207959421355807,6
IFNGR1,0.0747850360948772,6
IMMT,-1.0774211144352697,6
IRAK1,-0.025589565879035835,6
KPNB1,1.2388621139650866,6
KRIT1,0.27947325214992846,6
KRT18,-0.19968475568907734,6
LATS1,1.653518459816959,6
LATS2,0.550670174572558,6
LIF,0.2517962455197704,6
MAD2L1,0.24107633348024748,6
MAF1,1.1620422987101824,6
MAP1LC3B,-0.20025907114450214,6
MAPK7,-0.09162573694526,6
MCL1,0.3210777129918948,6
MKNK1,-0.2969836966046936,6
MMP14,1.0586135976982842,6
Metab__2h3mv_c,-0.6261626224490002,6
Metab__2hiv_c,-0.6261626224490002,6
Metab__HMDB0000072_e,-1.140720952469215,6
Metab__HMDB0000121_c,0.9126071769838726,6
Metab__HMDB0000252_c,0.3615566469581998,6
Metab__HMDB0000273_m,1.023622700654382,6
Metab__HMDB0001191_n,0.12449853915200773,6
Metab__HMDB0001227_c,1.023622700654382,6
Metab__HMDB0001245_n,-0.5184860231199303,6
Metab__HMDB0001274_n,-0.6776956193446338,6
Metab__HMDB0001409_m,0.12449853915200769,6
Metab__HMDB0001409_n,0.12449853915200769,6
Metab__HMDB0001508_n,-0.981989399257631,6
Metab__HMDB0001546_n,-0.5184860231199303,6
Metab__HMDB0002329_e,0.528329625699321,6
Metab__HMDB0002329_m,0.528329625699321,6
Metab__HMDB0003335_n,-0.9819893992576303,6
Metab__HMDB0060180_e,-0.6389611659570623,6
Metab__HMDB0062576_c,0.912607176983873,6
Metab__pa_hs_n,-0.14235654188686692,6
Metab__pail5p_hs_c,-0.09106526709032892,6
Metab__phytcoa_c,0.24715392654165783,6
Metab__sphs1p_e,0.3615566469581998,6
NBR1,-0.20025907114450214,6
NME1,-1.126345870424673,6
NOL3,-1.4285518642027546,6
NOTCH1,1.9736559338143738,6
NOTCH2,1.8323651570264297,6
NR2C2,0.5950454503947565,6
OTUD5,1.5198595458123314,6
PCBP2,-1.102798559408528,6
PI4K2A,-0.12897435216316358,6
PI4KB,-0.12897435216316358,6
PIAS2,-0.9802692892289425,6
PIKFYVE,-0.09106526709032892,6
PIP4K2A,-0.09106526709032892,6
PIP4K2B,-0.09106526709032892,6
PIP5K1A,-0.09106526709032892,6
PIP5K1C,-0.09106526709032892,6
PKD1,2.258149213903232,6
PPARD,0.912607176983869,6
PRC1,-0.18215551789721277,6
PSEN1,0.7674085395153416,6
PSMD2,-0.6043992233405576,6
RAB1A,1.5935966330883908,6
RAD23B,-0.5792469940878008,6
RAN,-1.077421114435275,6
RCAN1,-1.0446882895009706,6
RDX,0.6857119594952252,6
RGS19,-0.2501140750492214,6
ROCK2,-0.1433893161735918,6
RPA1,0.0844622225684591,6
RPA2,-1.0774211144352714,6
RUNX1,-1.1590070354742261,6
RYK,-0.8125028087831292,6
SCP2,0.24715392654165783,6
SEC63,-0.8645929997324242,6
SF1,-1.132128457097579,6
SFN,-1.415682469173737,6
SH3GLB1,-0.05653258484151962,6
SIK3,0.035033779277866786,6
SLC9A3R1,-1.6959316212577342,6
SMAD1,0.7199329690166536,6
SNW1,1.4301733181626644,6
SOX9,-1.2682937722658756,6
SPEN,-1.161724282782764,6
SPHK1,0.5121588572856115,6
SRF,-1.072876621953372,6
STAT2,0.6722340285908975,6
STAT5B,2.2410759909944518,6
STAT6,-0.6722340285908975,6
STEAP3,1.1321284570975683,6
STK24,-0.9372659808333154,6
STK3,-0.026383462825399787,6
SUN1,-1.645415452826589,6
SYNJ2,-0.09106526709032894,6
TAB1,0.9365404410655551,6
TAB2,0.18279696667882075,6
TAB3,-0.19762317827123557,6
TAGLN2,-1.3491526592809042,6
TBL1XR1,-0.6426276411363527,6
TCOF1,1.127581582050735,6
TLK1,1.1920601500838606,6
TLK2,1.127581582050728,6
TNIP1,-1.0849465230005604,6
TNPO1,-0.3604750453838481,6
TRAF4,-0.2892048140870663,6
TRIP6,-0.261270191919985,6
UBE2N,0.7430930742683597,6
VASP,1.6397179937573623,6
VPS39,-0.19110681566666046,6
XPA,-1.4450986242451385,6
XPO5,-0.12497952214995812,6
XRCC6,1.8124896181529233,6
YWHAB,-1.4156824691737375,6
parent_of_ACTB1,1.3491526592809042,6
parent_of_ACTB1_____ACTR21,1.3491526592809042,6
parent_of_AXIN11_____DVL11,-0.15022654632386337,6
parent_of_BECN11,1.593596633088379,6
parent_of_BRAF1,2.030277227022883,6
parent_of_CCND11,1.54558540288921,6
parent_of_Gene446__TK11,0.12449853915200769,6
parent_of_Gene685__FASN1,0.6710530903208903,6
parent_of_HRAS1_____KRAS1,0.39418147152784144,6
parent_of_Metab__HMDB0000586_c1,-0.671299695683278,6
parent_of_Metab__HMDB0000990_x1,-0.7573142714495743,6
parent_of_Metab__HMDB0003125_l1,-0.5758095881151788,6
parent_of_NFKB1-1,-0.3195844371185781,6
parent_of_PCNA1,1.1199756984518179,6
parent_of_RAF11,-0.3368469621094172,6
parent_of_SMAD41,0.19110681566666046,6
parent_of_SQSTM11,-0.20025907114450214,6
parent_of_STX1A1,1.566465608570782,6
parent_of_TGFBR11,-0.36770539673116687,6
parent_of_TUBB1,1.2718058856280445,6
parent_of_VCP1,0.7474180700184418,6
Metab__HMDB0000012_c,-0.9672066427839662,0
Metab__HMDB0001294_c,-0.5125025754505299,0
Metab__HMDB0000272_c,1.149882807888093,0
Metab__HMDB0000267_c,0.4881789430791288,0
Metab__HMDB0001173_c,-1.7030122889661738,0
Metab__HMDB0001316_c,-0.14812908155580734,0
Metab__HMDB0000050_c,0.4252225886284037,0
Metab__HMDB0000161_c,-1.1831454050609964,0
Metab__HMDB0000208_c,-0.8051490935576147,0
Metab__HMDB0000168_c,-0.5475943100939591,0
Metab__HMDB0000191_c,0.8549596074482254,0
Metab__HMDB0000094_c,-1.4577242733647389,0
Metab__HMDB0000574_c,-0.0405509946981945,0
Metab__HMDB0000089_c,0.21180705734048297,0
Metab__HMDB0000095_c,-0.012836708678980525,0
Metab__HMDB0000099_c,0.05071714160577467,0
Metab__HMDB0000742_c,0.4416304011847244,0
Metab__HMDB0001321_c,-0.9134139660662651,0
Metab__HMDB0000134_c,-0.5450895127808524,0
Metab__HMDB0001049_c,-0.7739226117894036,0
Metab__HMDB0001401_c,-0.8926794058214481,0
Metab__HMDB0000148_c,1.401611046084342,0
Metab__HMDB0000641_c,-0.31278971447252857,0
Metab__HMDB0001051_c,0.6933533502743148,0
Metab__HMDB0000139_c,0.9379257158601573,0
Metab__HMDB0000123_c,1.2617078366281353,0
Metab__HMDB0000133_c,-0.20841764157274068,0
Metab__HMDB0001397_c,-1.536103524392448,0
Metab__HMDB0000177_c,-0.17728490698377708,0
Metab__HMDB0000195_c,-1.3663211151357642,0
Metab__HMDB0000211_c,-0.004938799114738461,0
Metab__HMDB0001851_c,1.9037250892249016,0
Metab__HMDB0000190_c,2.2493553798250328,0
Metab__HMDB0000156_c,-0.46991305890107454,0
Metab__HMDB0000696_c,0.34865169103025606,0
Metab__HMDB0001325_c,-1.7249115021106645,0
Metab__HMDB0000218_c,0.45422393004466227,0
Metab__HMDB0003229_c,0.9488615135336699,0
Metab__HMDB0000159_c,-0.11466696110816714,0
Metab__HMDB0000263_c,-0.6088045785411653,0
Metab__HMDB0000162_c,0.20422012083336297,0
Metab__HMDB0001414_c,0.9470228019540424,0
Metab__HMDB0000618_c,1.9456874959168982,0
Metab__HMDB0001185_c,-1.6375797106403633,0
Metab__HMDB0000939_c,0.5349122528649064,0
Metab__HMDB0000187_c,-0.3831424174545548,0
Metab__HMDB0000247_c,3.004580561171819,0
Metab__HMDB0001257_c,1.069868167199699,0
Metab__HMDB0000254_c,0.3793931979225184,0
Metab__HMDB0000167_c,-0.6046289296491623,0
Metab__HMDB0000725_c,0.15850573238068497,0
Metab__HMDB0000158_c,-0.13738760572083242,0
Metab__HMDB0000294_c,0.822584899853747,0
Metab__HMDB0000289_c,-0.4873981397711512,0
Metab__HMDB0000296_c,0.9717282438092091,0
Metab__HMDB0002917_c,-1.7283521914256361,0
Metab__HMDB0000050_m,0.4252225886284037,0
Metab__HMDB0000161_m,-1.1831454050609964,0
Metab__HMDB0000208_m,-0.8051490935576147,0
Metab__HMDB0000168_m,-0.5475943100939591,0
Metab__HMDB0000094_m,-1.4577242733647389,0
Metab__HMDB0000574_m,-0.0405509946981945,0
Metab__HMDB0000089_m,0.21180705734048297,0
Metab__HMDB0000134_m,-0.5450895127808524,0
Metab__HMDB0000148_m,1.401611046084342,0
Metab__HMDB0000641_m,-0.31278971447252857,0
Metab__HMDB0001051_m,0.6933533502743148,0
Metab__HMDB0000139_m,0.9379257158601573,0
Metab__HMDB0000123_m,1.2617078366281353,0
Metab__HMDB0000190_m,2.2493553798250328,0
Metab__HMDB0000156_m,-0.46991305890107454,0
Metab__HMDB0000696_m,0.34865169103025606,0
Metab__HMDB0000159_m,-0.11466696110816714,0
Metab__HMDB0000263_m,-0.6088045785411653,0
Metab__HMDB0000162_m,0.20422012083336297,0
Metab__HMDB0001414_m,0.9470228019540424,0
Metab__HMDB0000939_m,0.5349122528649064,0
Metab__HMDB0000187_m,-0.3831424174545548,0
Metab__HMDB0000254_m,0.3793931979225184,0
Metab__HMDB0000167_m,-0.6046289296491623,0
Metab__HMDB0000725_m,0.15850573238068497,0
