source_original,score,level
AAK1,0.45664275943928256,2
ABCA1,0.5283129667182941,2
ABCC3,-3.113544215735713,4
ABI1,-0.7115023707407407,3
ABL1,2.6145637826946055,1
ABL2,0.7826999355116374,1
ACAT1,2.0354086972054453,5
ACLY,-1.736657050662985,6
ACO1,-2.4861239996665145,2
ACP1,-2.013489164563203,2
ACTA1,1.132906193715841,3
ACTB,-1.9071511565931056,2
ACTN1,1.4557195042436766,2
ACTR2,1.0789476700642886,2
ADAM10,-0.4067440708066829,3
ADAM12,1.5699804277056988,3
ADAM17,-0.14608894498260264,3
ADAM9,2.459651970139229,3
ADRB2,0.7896031962587139,3
ADSL,-0.15095825342236413,6
AHCYL1,0.2589113866004618,2
AHSA1,-2.455331825668656,2
AIMP1,0.49444874592334487,3
AKT1,1.5415964275145781,1
AKT1S1,0.942470116260879,3
AKT2,0.7738566346801607,1
AKT3,0.7738566346801607,1
ANAPC1,0.45664275943928107,2
ANAPC10,-1.0029187606350447,3
ANAPC11,-1.5235286406297868,3
ANAPC13,-0.9957022623141834,4
ANAPC2,-1.6028181223194617,2
ANAPC4,-1.0029187606350447,3
ANAPC5,-1.0029187606350447,3
ANAPC7,-1.0029187606350447,3
ANXA2,2.739603763475601,3
AP2B1,1.0092681898799163,3
AP2M1,-0.14979391791864186,2
APAF1,-1.1733544060224013,2
APBA2,0.016562860952284743,4
APBB1,-0.6985632949583467,2
APC,-1.1168957339362011,2
APH1A,-0.6981454738661897,3
APP,-0.41495637626503296,4
APPL1,0.456642759439282,2
ARAF,3.7685361596581437,2
ARF1,-0.7307891517176475,3
ARF6,-1.7839281112593666,5
ARHGAP1,0.1347458735413506,3
ARHGAP32,0.315024959989024,2
ARHGAP33,-1.132906193715841,3
ARHGEF2,1.0054741474078517,2
ARHGEF25,-0.1347458735413506,3
ARHGEF7,1.0054741474078517,2
ARID3A,-1.0841748317306446,1
ARRB1,1.6028181223194617,2
ARRB2,-1.265474012318578,3
ASAP2,0.7463367355974597,4
ATAD5,1.2844889468656484,2
ATF1,1.786451104011663,0
ATG13,0.4566427594392822,2
ATG14,-0.26440699042341675,3
ATG3,0.6142930246664575,4
ATG4D,0.3837032834063237,4
ATG7,0.7261312244721433,4
ATG9A,-0.6446247868705289,3
ATM,0.9736158423324158,1
ATP1A1,0.5596998282897666,5
ATP2B1,-0.030218837632768135,5
ATP2B4,-0.030218837632768135,5
ATR,0.04679114163625092,1
AURKA,-2.472710096982596,2
AURKB,-0.9024989559688363,1
AVEN,1.182710672806128,3
AXIN1,0.10193780632766311,1
AXL,1.2163892943514152,3
BACE1,-0.2625178289183976,5
BAD,0.8823557192508102,1
BAG2,-1.843896203664834,2
BAIAP2,-0.8325192010624133,4
BAK1,-0.45664275943928506,2
BAMBI,1.0789476700642904,2
BAX,-0.45664275943928506,2
BBC3,2.0278700609342524,2
BCAR1,-1.3785938106523323,1
BCL10,1.0779314160389815,1
BCL2,-1.8752782980351936,1
BCL2L1,-0.8823557192508102,1
BCL2L11,2.0278700609342524,2
BCL2L2,0.3998285658662228,3
BCL3,0.17880627558863518,1
BCR,-0.49295134818665504,2
BECN1,0.8203468332679938,2
BHLHE40,-1.0152163982978382,0
BHLHE41,-1.1635811353112226,0
BID,1.0099361667945994,2
BIRC2,0.8620037861751128,2
BIRC3,0.5238536276868422,2
BIRC5,1.1733544060224013,2
BIRC6,1.1733544060224013,2
BLM,0.8823557192508102,1
BMI1,1.009936166794599,2
BMPR1A,0.5607255949094143,2
BNIP3,2.0278700609342524,2
BNIP3L,2.0278700609342524,2
BRAF,-0.49295134818665504,2
BRD4,1.8752782980351936,1
BRIP1,0.4566427594392852,2
BTG2,0.7677281912658195,1
BTRC,-0.6197607221089827,1
BUB1,-1.8034338276972206,2
BUB1B,-0.21718638802181037,3
CABIN1,0.9194142109157223,2
CAMK1,1.216346703013865,1
CAMK2D,1.8683087377083538,1
CAMK2G,2.2625717800230207,1
CAPN1,0.5121663263338877,2
CAPN2,2.2089647255241744,2
CARD11,0.18644674062916416,3
CARM1,1.7948829638481678,5
CASP2,0.6501363311763222,2
CASP3,-1.0779314160389815,1
CASP6,1.044116291531616,1
CASP7,-0.7973879259332233,2
CASP8,0.027001475918117846,2
CASP8AP2,0.7619327726960835,1
CASP9,-0.41073148055303876,2
CAST,-1.1586958402636112,3
CAV1,0.9484692182011611,2
CBL,-0.5776369331775343,2
CBLB,-0.3981544189813397,2
CCAR2,1.8252963189498583,2
CCL2,-0.16121069673726307,4
CCNA2,-0.14093204665076065,1
CCND1,-1.0110092299432951,2
CCND3,-0.9501344622530196,2
CCNE1,-1.0841748317306446,1
CCNE2,-1.4963860732585743,3
CCNF,0.19851311547857,4
CCNG1,0.02954133777784316,2
CCNH,0.6604852123736589,2
CCP110,0.8683164597775019,3
CD40,0.5607255949094141,2
CDC16,-1.0029187606350447,3
CDC20,0.5997085482723156,2
CDC23,-1.0029187606350447,3
CDC25A,-2.625156316462999,2
CDC26,-1.5235286406297868,3
CDC27,-0.69358828730121,3
CDC42,-0.05991743106655055,2
CDC42BPA,-1.0654410897980675,6
CDC7,0.8120969363409891,3
CDH1,0.14979391791864186,2
CDH2,0.9961594228831644,3
CDK1,1.3079773178567784,1
CDK2,0.2631353920396602,1
CDK3,2.19447288628913,1
CDK4,-1.4952875233946874,1
CDK5,0.8823557192508102,1
CDK6,2.05626736616781,2
CDK7,1.389960527069053,1
CDK8,-0.20340059085201584,1
CDK9,-0.34001937498741075,1
CDKN1A,-0.39581998907060567,2
CDKN1B,1.7989827921703065,2
CDKN1C,1.5233623993138785,2
CDKN2A,-0.8823557192508102,1
CDKN2C,1.5233623993138785,2
CDKN2D,-1.5233623993138785,2
CDON,1.3250929987460405,2
CDR2,-1.8752782980351936,1
CEBPB,1.568991371262687,0
CENPE,-0.276926614401793,4
CFL1,0.9567444355765764,4
CFLAR,-0.05284607727667033,2
CHEK1,-0.43825611617072757,1
CHEK2,-0.14093204665076065,1
CHUK,0.40944841688583267,1
CKS2,-0.13146032044763478,5
CLASP1,0.4836191901564582,4
CLASP2,1.9509295986989492,3
CLK2,-0.39628253108839534,3
COL18A1,0.3902770183325873,3
COL1A1,0.7421192662381463,3
COPS6,-1.1733544060224013,2
COX5B,-1.182710672806128,3
CRADD,0.3566158612080174,2
CREB1,1.5556018672669047,0
CREBBP,-0.20544355527018054,0
CREM,-0.7167270357137298,0
CRK,1.5455992800236409,2
CRKL,-0.3319797956521308,2
CRTC2,0.7738566346801607,1
CRTC3,-0.12737215580999273,2
CRYAB,-0.11454259535564044,2
CSDE1,-1.0533358003318467,1
CSK,-0.14985565523314676,2
CSNK1G1,0.8823557192508102,1
CSNK2A1,-0.6911842764633462,1
CSNK2B,1.4043402183713491,1
CTBP1,-1.0104086248829596,1
CTNNA1,1.1637939373784034,2
CTNND1,0.9768524495580921,3
CTSL,0.5407958267203893,3
CTTN,-1.7657875401949197,3
CUL1,-1.746629003116706,1
CUL4A,0.4690769287585713,4
CUX1,-0.7209939074747772,0
CXCL1,-1.5984122320938026,2
CYCS,-1.2484497428308083,3
CYLD,-1.0943290300619937,2
CYTH2,-0.7463367355974597,4
DAB2,1.3785938106523323,1
DAB2IP,0.22973227537686514,2
DAG1,1.0504391785773017,2
DAP3,-1.2212643802171133,4
DAPK1,0.8823557192508102,1
DAPK3,0.8823557192508102,1
DAXX,-0.007459093183716726,1
DBF4,0.5407958267203846,3
DDB1,-1.0841748317306446,1
DDB2,1.1785769366979495,2
DDX5,0.7210210517323894,1
DDX58,1.7477877588516255,2
DHCR24,0.5283129667182941,2
DHFR,-0.12570891181913468,4
DHX9,0.42999426768182036,3
DIABLO,-1.0059540097829789,3
DIAPH1,1.9468278919967483,4
DKK1,0.4052208806922341,4
DLC1,-1.3460548519390414,3
DLG1,-1.9275917049705995,2
DLGAP5,0.7368825500306906,4
DNAJB1,-0.02954133777784316,2
DNAJC3,-1.2105402694643215,2
DNM2,2.255272505431553,3
DNMT3A,-0.8961889946213382,0
DOCK7,0.5866256062841376,3
DOK1,-2.205562547353038,3
DOK4,0.3805327600347001,2
DTL,-0.456642759439283,2
DUSP1,2.1519050550192027,2
DUSP16,-2.124725068744506,2
DUSP3,0.49858534917667097,2
DUSP4,1.7003285863737165,2
DUSP5,-0.8891829091887179,2
DUSP6,2.460693624924056,2
DVL1,2.254283722991268,1
DVL2,-0.1911694996105552,2
DVL3,0.45664275943928495,2
DYNLL1,-0.1996851735720758,3
DYRK1B,1.2123649820388789,2
DYRK2,-0.5812893472435459,1
E2F1,-1.274189045482053,0
E2F3,-0.9745348120937782,0
E2F4,-1.0419112868647222,0
ECSIT,1.7328917334976124,3
ECT2,-0.9667161295991116,3
EEF1A1,0.2757075414806068,4
EFNB1,0.3540195598511245,3
EGFR,0.5127966429330432,1
EGLN1,-1.6480899078645104,1
EGLN2,-1.6480899078645104,1
EGR1,2.0735966272810384,0
EIF2AK2,1.9501116626852386,1
EIF2AK3,0.7677281912658195,1
EIF2B5,-1.5626488625773705,3
EIF2S2,-1.6520191937104263,2
EIF3I,0.5065355073197724,2
EIF3J,-1.8953462742475498,3
EIF4EBP1,-1.0789476700642886,2
EIF4EBP2,-1.0789476700642886,2
EIF4G2,-2.0695380655764137,2
EIF5,1.5626488625773705,3
ELAVL1,2.2296302047445287,1
ELK4,1.0533358003318467,1
ENO1,-1.5122299094936436,2
EPB41,-2.2467510730760076,3
EPHB2,0.14326848917825075,2
EPHB3,-0.15179326170673066,3
EPOR,0.3351312426029037,2
EPS15,-0.08336121290133269,3
ERBB3,0.4566427594392824,2
ERCC2,-1.4390019403482373,4
ERCC3,-1.4847748810276693,3
EREG,0.14979391791864186,2
ERRFI1,-0.132599517232087,3
ETS1,1.6858131920737551,0
EWSR1,-0.33110058010145804,0
EXOC2,0.9891674381223002,2
EZR,1.2505656629332473,2
F2RL1,1.1631193133879214,3
FADD,0.8323972173622223,2
FAM83G,-1.6988794890449967,4
FANCC,-0.6258081763326049,2
FANCD2,0.8695192153454452,2
FANCE,-0.22595782630493108,3
FANCI,0.42999426768182164,3
FANCL,0.42999426768182164,3
FAS,0.28138956968578843,2
FBLIM1,-0.6981454738661904,3
FBXO31,1.0541433046580242,3
FBXO5,0.9228014590416639,3
FBXW7,0.09210561204797582,1
FERMT2,-0.7164607014441556,4
FGFR1,-0.3787357673605645,1
FGFR2,-1.9275917049705995,2
FH,0.014494716416936998,6
FHL2,-0.7211273010529553,2
FKBP8,0.5818890902701502,2
FLCN,-0.9402583518288433,4
FLNA,-0.5607255949094141,2
FN1,2.0307293852836743,3
FNTA,1.169032426491336,2
FOS,1.9767909507908943,0
FRS2,1.2505656629332473,2
FST,-0.8431897862469796,3
FUS,0.9762803329959413,2
FYCO1,0.5437625669915199,4
FYN,-0.7677281912658195,1
FZD5,1.6028181223194617,2
FZD7,1.6028181223194617,2
FZR1,-1.0029187606350447,3
G3BP1,1.3472118699656181,2
G3BP2,0.8071479137696055,3
GAB2,0.9639807016814687,3
GABARAP,0.4064544060897052,3
GAD1,-2.357544321514085,2
GADD45A,-1.4476167452419126,2
GAMT,0.2589113866004629,2
GAPDH,0.5407989931346486,3
GCH1,-0.08268090163436206,5
GDF11,1.0789476700642886,2
GDF15,0.132599517232087,3
GEM,0.4983511401687078,4
Enzyme1428__SLC29A1,-0.9741233972368923,5
Enzyme1437__orphanReacTMNDNCt,0.991492926668467,2
Enzyme1452__SLC27A2,0.5692757315530509,1
Enzyme1486__CMPK1_reverse,1.0310826557385115,5
Enzyme1496__orphanReacUTPtn_reverse,2.739603763475602,3
Enzyme158__SLC27A5,1.2669449256567855,2
Enzyme1584__PFKL_reverse,0.042197305055440545,3
Enzyme1585__PFKL_reverse,1.961216250242891,3
Enzyme1597__RRM2B_RRM1_RRM2,2.508037803973704,5
Enzyme1597__RRM2B_RRM1_RRM2_reverse,1.1181947673888182,3
Enzyme17300002__SLC38A2,-1.4655790447905124,1
Enzyme1758__orphanReacr1384,0.9841082426099947,1
Enzyme1786__ABCA1,0.40165823496238573,4
Enzyme1788__ABCA1,-0.974123397236896,5
Enzyme2341__PRDX6,0.8440715271141932,4
Enzyme2346__PKM,-2.0603983558021373,3
Enzyme2346__PKM_reverse,-1.4820491731983152,1
Enzyme255__orphanReacCHSTEROLt3,0.9686015554154158,1
Enzyme2730__orphanReacAHCYStm,0.644257679177607,1
Enzyme320__CMPK1_reverse,2.739603763475602,3
Enzyme338__orphanReacDATPtn_reverse,0.09322442463951695,5
Enzyme3634__GAD1,-1.3364197354109923,1
Enzyme3711__IMPDH2,0.1710522447054805,3
Enzyme3765__RRM2B,2.4772860051798915,5
Enzyme3766__RRM2B,3.6458936021715034,5
Enzyme3771__RPE,0.046093295743323257,3
Enzyme3777__TALDO1,0.7874128750514171,1
Enzyme3782__TKT_reverse,0.06526311765633575,3
Enzyme3837__TYMS,-0.6817228103700237,5
Enzyme4039__SCARB1,-1.1733544060223982,2
Enzyme4481__PRDX6,1.603717001755596,2
Enzyme4481__PRDX6_reverse,0.8440715271141941,4
Enzyme4482__PRDX6_reverse,0.6435389945104751,6
Enzyme5471__GAD1,-1.084500798452892,1
Enzyme5771__CMPK1,2.518536965309086,5
Enzyme5771__CMPK1_reverse,1.0310826557385115,5
Enzyme5773__CMPK1_reverse,0.09322442463951695,5
Enzyme6581__orphanReac3MHISc,0.644257679177607,1
Enzyme7328__TKT,0.14774972796328562,3
Enzyme7328__TKT_reverse,0.7874128750514171,1
Enzyme7546__GAPDH_reverse,0.16650539282513874,3
Enzyme756__GAMT,0.644257679177607,1
Enzyme756__GAMT_reverse,-0.05151938553336262,3
Enzyme7573__GCH1,-0.22553363128322698,4
Enzyme7706__HPRT1,0.20485101263306377,5
Enzyme7779__ABCA1,0.40165823496238623,4
Enzyme7844__PTGES3,2.739603763475601,3
Enzyme8423__P4HA2,-1.1286677566272674,1
Enzyme8424__P4HA2,-1.1286677566272671,1
Enzyme8662__ABCC3,-3.2674280683472037,3
Enzyme922200002__SLC38A2,1.0452396487697133,1
Enzyme9432__PRDX6,1.6004864534131256,3
Enzyme9440__PTDSS2,0.012055737415342802,5
Enzyme966__GAD1,-1.432218424016815,1
Enzyme9741__RRM2B_RRM1_RRM2,2.4772860051798915,5
Enzyme9742__RRM2B_RRM1_RRM2_reverse,2.739603763475602,3
Enzyme985__SLC27A5,0.9914929266684667,2
Enzyme986__SLC27A5,0.9914929266684664,2
Enzyme989__SLC27A5,-1.1827106728061252,3
Enzyme9907__ABCA1,0.6004049222784636,4
Enzyme9910__ABCA1,0.40165823496238556,4
Enzyme9914__ABCA1,-0.10059300900106556,3
GFPT1,-0.08129085343798685,6
GIT1,1.2505656629332473,2
GLI2,-0.49022612955926226,0
GNA12,-0.8493195806385133,3
GNA13,-0.401775575854696,3
GNAI1,1.4557195042436766,2
GNAI2,1.4557195042436766,2
GNAQ,1.169032426491336,2
GNAS,0.8930845141874159,2
GNB1,0.09258892914825606,3
GNB2,0.8084748335411359,3
GNB3,0.579804279130703,3
GNG12,-0.8652018175562872,2
GOLGA3,0.27834864493345385,4
GPHN,-0.35521195137028283,4
GPI,-0.040182275238181325,4
GPSM3,-0.8929181958188189,3
GPX1,0.10437875541452667,3
GRB10,2.069639055978983,2
GRB2,0.6489571071498967,2
GRIPAP1,0.9529264042551784,2
GSK3A,0.9848162950043229,1
GSK3B,1.542119994392633,1
GSN,0.57971402454888,3
GSTP1,0.5607255949094141,2
GTF2H1,1.0841748317306446,1
GTF2H4,0.6244042625061728,2
HBP1,-0.4188918692441702,0
HDAC1,-0.40386569293769903,0
HDAC2,0.7632059941115522,1
HDAC3,-1.8532941608067788,1
HDAC4,-1.1245568833608528,1
HDAC5,-1.1245568833608528,1
HDAC6,-2.3953923256533036,2
HDAC7,-0.23437836956379113,3
HERC2,-0.2366607068846157,3
HGS,0.8695192153454455,2
HIF1A,2.8555106876358205,0
HINFP,1.2393915409422926,2
HIPK2,0.531855919944948,1
HK1,-0.05692896789742138,4
HK2,-0.05692896789742138,4
HMGB1,1.1757803988711275,1
HMGN1,0.8280168619990205,2
HNRNPK,0.8823557192508102,1
HNRNPU,-0.6244042625061728,2
HOXA9,-0.4413409898536948,0
HOXB7,1.2154881014564618,2
HRAS,1.7373505159653384,1
HRH1,1.1631193133879214,3
HSP90AA1,-1.8159176145131222,1
HSP90AB1,-1.6480899078645104,1
HSP90B1,0.8434199389495985,4
HSPA5,-0.361428670437108,2
HSPA9,-0.9567444355765697,4
HSPB1,0.4388753331201516,1
HSPD1,0.615957697725358,3
HTRA2,-1.9775110373104274,3
HTT,1.1733544060224013,2
HUWE1,-1.8752782980351936,1
ID3,-0.5398991557551815,0
IDH1,-2.246805048117076,4
IDH2,-2.246805048117076,4
IER3,0.18793728441521237,2
IFIH1,1.7477877588516255,2
IFNAR1,1.864364603125516,2
IFNAR2,1.868031881683917,1
IFNGR1,1.8347760236876114,1
IGF1R,1.4830067649489316,2
IGF2,1.2763308510333875,3
IKBKB,-0.2611238470460075,1
IKBKE,2.0980283445314902,1
IKBKG,1.3166195023629081,1
IL4R,0.7360603547326652,1
IL6,-1.8096344803973166,2
IL6R,0.5908454057202691,2
IL6ST,-1.8347760236876114,1
ILK,0.023185022887188076,2
IMMT,-1.0532939321773007,3
INCENP,-1.8034338276972206,2
INHBA,1.0789476700642886,2
INPPL1,0.5372742189311341,3
INSR,1.447772162320628,2
IQGAP1,2.7876318370743625,2
IRAK1,0.5518255658627839,2
IREB2,-1.7441565712810323,2
IRF9,1.2784183657935204,2
IRS1,1.0364933603510802,2
IRS2,0.4566427594392824,2
ITCH,-0.6504987394140154,1
ITGAV,1.2505656629332473,2
ITGB1,1.7414277090120134,2
ITGB3,1.2505656629332473,2
ITGB4,1.9240723228859435,2
JAK1,1.9799117253606546,1
JDP2,-1.6465368344137161,0
JUN,2.9848175136548547,0
KAT2B,1.0975153625347331,1
KCNIP3,-0.7738566346801607,1
KDM1A,-0.8823557192508102,1
KDM4C,1.6480899078645104,1
KDM5B,-0.640507723226076,0
KEAP1,-0.7677281912658195,1
KHDRBS1,0.3787357673605645,1
KHSRP,1.4557195042436766,2
KIF4A,0.7160047541322364,5
KIF5B,0.016562860952284764,4
KLC2,0.6485312279244134,5
KMT2A,-0.2828999973732487,0
KMT5A,0.8823557192508102,1
KRAS,1.7012141082457635,3
KRIT1,0.22995819240185214,4
KRT18,-0.23692032657338263,3
KTN1,0.14708586322703343,5
L3MBTL2,-0.5655708870927303,3
LAMC2,1.689654366474203,3
LAT,1.997306404796165,3
LATS1,0.07304068816893966,2
LATS2,-1.0679318445596966,1
LDHA,-1.9728893218905847,4
LEF1,-0.2500465691767513,0
LIF,-1.8096344803973166,2
LIFR,0.489016131423073,2
LMNA,-0.684928186015626,6
LMTK2,-1.9680993663285535,2
LPIN1,-0.15095825342236394,6
LRIG1,-0.274396696667434,3
LRP1,1.0092681898799156,3
LYN,2.849784014474035,2
MAD1L1,0.7642364027169924,4
MAD2L1,0.9228014590416639,3
MAFK,-0.4548498548192052,0
MALT1,0.5607255949094144,2
MAML1,0.8823557192508102,1
MAP1B,0.45664275943928495,2
MAP1LC3A,0.5065812738422041,3
MAP1LC3B,0.5065812738422041,3
MAP2K1,3.881465411031906,2
MAP2K2,3.7685361596581437,2
MAP2K3,1.8294601863541293,2
MAP2K4,2.2138226783131603,2
MAP2K5,0.6565721746461909,2
MAP2K7,1.923233565174362,2
MAP3K1,2.6032635419414945,2
MAP3K10,-0.7589617296485055,2
MAP3K11,0.8625454050774196,2
MAP3K12,1.9559790295255464,3
MAP3K14,1.0779314160389815,1
MAP3K2,1.5843171010838193,2
MAP3K3,-0.30356986255804846,2
MAP3K4,1.981471178079437,3
MAP3K7,-0.42372824774871076,1
MAP4K2,1.8037430737207534,3
MAP4K3,1.2289969433842105,2
MAP4K4,-0.6278472976578522,2
MAP4K5,-1.00591116695054,2
MAPK1,3.6422807321892368,1
MAPK11,1.4092103469758348,1
MAPK12,-0.039419873707675857,1
MAPK13,0.07944359117156988,1
MAPK14,1.8090140016031495,1
MAPK3,3.2635218274376467,1
MAPK7,1.12284730591468,1
MAPK8,1.4786231105773795,1
MAPK8IP1,1.0054741474078517,2
MAPK8IP3,1.120877161913968,2
MAPK9,1.6797581854806194,1
MAPKAP1,1.0054741474078517,2
MAPKAPK2,1.497150648807033,1
MAPKAPK3,0.088446563004097,2
MAPKAPK5,0.8823557192508102,1
MAPRE1,0.6159576977253576,3
MARK2,-0.305647194658035,3
MAVS,1.138900909683869,2
MAX,-0.6657986762000219,0
MCL1,-0.25238745289959075,3
MCM7,1.0099361667945952,2
MDC1,-0.3928139326623842,2
MDH1,-2.004648909202318,4
MDM2,0.3678922875605405,1
MECOM,-1.328549609088195,1
MECP2,-0.7616244416931556,0
MEF2D,1.4603294540916458,0
MET,1.2505656629332473,2
3mhis_c,0.3453133238802529,2
CE5253_c,1.0099794594911324,3
CE5253_l,0.9358076513516614,5
crm_hs_c,-0.15095825342236405,6
dag_hs_c,-0.12570891181913452,4
dag_hs_e,-0.15095825342236405,6
gam6p_c,-0.04018227523818137,4
HC02051_c,-0.15095825342236394,6
HC02057_c,-0.12570891181913452,4
Metab__Deoxycytidine_c,0.014494716416936998,6
Metab__Ammonia_c,0.07740800694129554,4
Metab__Ammonia_e,0.014494716416936998,6
Metab__beta-Alanine_c,-1.6496555119182021,0
Metab__Creatine_c,-0.12570891181913432,4
Metab__Cholesterol_c,1.8495500162869942,0
Metab__Cholesterol_e,0.5283129667182941,2
Metab__Cholesterol_g,0.5283129667182941,2
Metab__Cholesterol_m,1.8495500162869942,0
Metab__cis-Aconitic acid_c,-1.5786690993357833,4
Metab__cis-Aconitic acid_m,-1.7441565712810323,2
Metab__Cytidine triphosphate_c,2.99288993375652,6
Metab__Citric acid_c,-2.26479994396613,0
Metab__Citric acid_m,-2.26479994396613,0
Metab__Choline ion_c,0.13755339851998113,3
Metab__Choline ion_g,0.1758259223815315,5
Metab__Choline ion_m,0.1758259223815315,5
Metab__Choline ion_r,0.1758259223815315,5
Metab__Folic acid_c,-0.15095825342236405,6
Metab__Guanidoacetic acid_c,0.2589113866004629,2
Metab__Guanosine_c,0.5412022165416878,2
Metab__Guanosine_e,0.07740800694129554,4
Metab__Formic acid_c,-0.1608890247138572,3
Metab__L-Phenylalanine_c,1.416446458096378,0
Metab__L-Asparagine_c,-1.8400595979073389,0
Metab__Histidine_c,1.5169203049907731,0
Metab__Histidine_e,0.3453133238802529,2
Metab__Inosine triphosphate_c,-0.04018227523818135,4
Metab__Inosine triphosphate_n,-0.08129085343798678,6
Metab__Isocitric acid_c,-1.7441565712810323,2
Metab__Isocitric acid_m,-1.7441565712810323,2
Metab__Inosine_c,0.0774080069412935,4
Metab__Inosine_e,0.014494716416935286,6
Metab__2-Oxobutanedioic acid_c,-2.004648909202318,4
Metab__2-Oxobutanedioic acid_m,-2.3188642717638546,2
Metab__2-Oxopropanoic acid_c,-1.5122299094936489,2
Metab__l-Taurine_c,-1.7910095055503494,0
Metab__Thymine_c,-1.1608112583447039,4
Metab__Phosphoenolpyruvate_c,-1.8642413745946496,0
Metab__Phosphoenolpyruvate_m,-1.8642413745946496,0
Metab__Thymidine_c,-1.1733544060224013,2
Metab__Thymidine_m,-1.1608112583447039,4
Metab__Uridine 5'-triphosphate_c,3.7685361596581437,2
Metab__Uridine 5'-triphosphate_n,2.4474341905459998,4
Metab__Uridine 5'-monophosphate_c,2.057727939941378,6
Metab__Xanthosine_c,1.872867477322356,0
Metab__2-Phosphoglyceric acid_c,-1.5122299094936436,2
Metab__Calcium ion_c,0.5696817373870497,1
Metab__Calcium ion_e,-0.1003273061831558,3
Metab__Potassium cation_c,0.579804279130703,3
Metab__Potassium cation_e,0.5596998282897666,5
Metab__D-Ribulose 5-phosphate_c,1.5851307269755153,0
Metab__D-Ribulose 5-phosphate_r,0.38271800322063804,2
Metab__Linoleic acid_c,1.5248449715870664,1
Metab__Linoleic acid_e,0.5262399740657747,3
Metab__L-Methionine_c,1.9646521691358756,0
Metab__4-Hydroxyproline_c,-1.3407366948154587,0
Metab__4-Hydroxyproline_m,-1.3407366948154587,0
Metab__Tetradecanoic acid_c,1.2449167360655975,0
Metab__Tetradecanoic acid_e,0.19667021813964747,2
Metab__Xylulose 5-phosphate_c,0.38271800322063804,2
Metab__S-Adenosylhomocysteine_c,1.35898187816179,0
Metab__S-Adenosylhomocysteine_m,1.35898187816179,0
Metab__dGDP_c,1.285061875459003,6
Metab__Hypotaurine_c,-1.2746770568370138,0
Metab__dCTP_c,2.057727939941378,6
Metab__Arachidonic acid_c,1.8543343392237648,1
Metab__Arachidonic acid_e,0.7437279534860847,3
"Metab__D-Fructose 2,6-bisphosphate_c",-0.040182275238181325,4
Metab__Dihydrofolic acid_c,-0.12570891181913468,4
Metab__Dihydrofolic acid_m,-0.21499961934615314,6
Metab__D-Sedoheptulose 7-phosphate_c,0.3777765606774885,2
Metab__glyceraldehyde-3-phosphate_c,0.5354358043742437,2
Metab__dCMP_c,3.0229882512910025,6
Metab__Dinoprostone_c,3.7685361596581437,2
Metab__5-Thymidylic acid_c,-1.1608112583447039,4
Metab__dCDP_c,2.4474341905459993,4
Metab__dCDP_n,2.057727939941378,6
"Metab__Glyceric acid 1,3-biphosphate_c",0.07325855257717925,4
Metab__Guanosine triphosphate_c,1.7404207757462693,2
Metab__dTDP_c,-2.406547563322529,4
Metab__dTDP_n,-2.4027760746984135,6
Metab__D-Erythrose 4-phosphate_c,1.5761256603138025,0
Metab__Thymidine 5'-triphosphate_c,-1.5122299094936489,2
Metab__Thymidine 5'-triphosphate_n,-1.4083428388716777,4
Metab__Linolenic acid_c,1.5248449715870664,1
Metab__Linolenic acid_e,0.5262399740657745,3
Metab__Glucose 6-phosphate_c,-0.040182275238181325,4
Metab__Glucose 6-phosphate_r,-0.08129085343798681,6
Metab__2'-Deoxyuridylic acid_c,-0.7491375698808765,6
Metab__Formaldehyde_c,2.3480984074228743,2
Metab__dGTP_c,0.9432535432949055,4
Metab__dGTP_n,0.7260912130782272,6
Metab__Ribose 1-phosphate_c,0.541202216541685,2
Metab__AICAR_c,-0.12570891181913468,4
Metab__Deoxyadenosine triphosphate_c,-0.040182275238181325,4
Metab__Deoxyadenosine triphosphate_n,-0.9188650626638749,6
Metab__CDP_n,2.057727939941378,6
Metab__Glucose 1-phosphate_c,-0.08129085343798681,6
Metab__Tetrahydrofolic acid_c,0.2589113866004618,2
Metab__Tetrahydrofolic acid_m,-0.12570891181913468,4
Metab__Acetaminophen_c,-3.7685361596581437,2
Metab__Calcitriol_c,-1.0779314160389815,1
Metab__Eicosapentaenoic acid_c,1.5248449715870664,1
Metab__Eicosapentaenoic acid_e,0.5262399740657753,3
Metab__Oxalic acid_c,-1.4557195042436766,2
Metab__Oxalic acid_m,-1.3669605034782712,4
Metab__Alloxan_c,1.0099794594911318,3
Metab__Gamolenic acid_c,-1.1733544060224013,2
Metab__Gamolenic acid_e,-1.160811258344708,4
Metab__Hydrogen peroxide_c,2.2553510028623696,1
Metab__Hydrogen peroxide_l,1.0099794594911318,3
Metab__Inosine diphosphate_c,-0.08129085343798678,6
Metab__Beta-D-Fructose 6-phosphate_c,0.3777765606774885,2
Metab__Oxalosuccinic acid_c,-1.578669099335783,4
Metab__Oxalosuccinic acid_m,-1.5786690993357835,4
Metab__4-Hydroxy-estradiol_c,3.7685361596581437,2
Metab__D-Glycerate 3-phosphate_c,-1.4083428388716743,4
Metab__5-O-phosphonato-alpha-D-ribofuranosyl Diphosphate(5-)_c,0.01449471641693542,6
Metab__5'-xanthylate(2-)_c,0.541202216541685,2
M00213_c,0.2589113866004618,2
M01389_c,-0.040182275238181325,4
man6p_c,-0.040182275238181325,4
Ndmelys_c,0.2589113866004618,2
pa_hs_c,-0.15095825342236405,6
pail_hs_c,-0.15095825342236405,6
pail45p_hs_c,-0.15095825342236405,6
pail4p_hs_c,-0.15095825342236405,6
pe_hs_c,0.2589113866004618,2
ps_hs_e,-0.15095825342236396,6
r5p_c,0.38271800322063804,2
tag_hs_c,-0.15095825342236405,6
trdox_c,2.4071742910901905,4
trdrd_c,6.172200313626214,6
MINK1,1.2289969433842105,2
MKNK1,1.0789476700642886,2
MMP14,-0.09041805139287572,3
MMP2,0.2095751990032805,2
MRAS,-0.2745613643786167,3
MSH2,0.1555453225510718,2
MST1R,-0.49295134818665504,2
MTOR,0.43656668589281805,2
MUC1,0.9529264042551784,2
MYC,-2.434300743342465,0
MYCBP2,0.4299942676818207,3
MYO1E,1.2505656629332473,2
NBR1,0.5065812738422041,3
NCAM1,-0.5904308508430903,2
NCK1,0.5062348122387837,2
NCK2,1.1394085990670675,2
NCL,-0.02954133777784316,2
NCOR2,-0.9910926713307504,0
NCSTN,-1.0160043574330768,4
NEDD4,-1.9275917049705995,2
NEDD4L,-1.4312670718809708,1
NEDD9,0.3154588734632995,3
NEK2,1.2624686482765617,2
NF2,-1.164990670562119,2
NFE2L2,1.5463207508096526,0
NFKB1,1.537542383398679,0
NFKBIE,-1.093206209328947,1
NGLY1,-0.7216078484327855,3
NLK,-0.5284115356266663,1
NME1,-1.2139892768795615,6
NOD1,1.5492491567365836,2
NOL3,-0.5670254492542763,3
NOLC1,0.8504985650409334,2
NPAT,0.7219626512234834,3
NPM1,-0.8823557192508102,1
NR2C2,1.9081560773998099,0
NRAS,1.6406423004670618,3
NRBF2,0.765116195397014,3
NSFL1C,-0.41495348399132753,4
NUAK1,0.8823557192508102,1
NUAK2,0.19807379321724747,3
NUMB,0.8823557192508102,1
NUP153,1.629582457256837,1
NUP50,0.4243054905468146,2
OGT,-1.2659061003420549,5
OTUD5,-0.5800646036836224,3
OXSR1,1.1649906705621185,2
P4HA2,-1.7277001776329532,2
PAG1,0.9143038585921296,2
PAK1,-1.0679318445596966,1
PAK2,2.5931664674855552,1
PAK4,0.8823557192508102,1
PARD3,-0.9567444355765697,4
PARD6A,1.0698420622752367,2
MARCKS,-1.7657875401949197,3
WASF3,-1.7657875401949197,3
CD2AP,-1.7657875401949197,3
ARPC2,-1.7657875401949197,3
WASF1,-0.8249101814706735,3
WASF2,-0.8249101814706735,3
SHANK2,0.892918195818819,3
SHANK3,0.892918195818819,3
CAMKK2,0.519205823644863,2
CAMKK1,0.519205823644863,2
ASAP1,0.7463367355974597,4
ARFIP1,0.7463367355974597,4
ARHGEF1,-1.0625428056759871,3
ARHGEF12,-1.0625428056759871,3
CALM2,1.4246017313740669,2
CALM3,1.4246017313740669,2
CALM1,1.4246017313740669,2
CEP192,-2.218018366858394,3
BORA,-2.218018366858394,3
LRP6,0.9964352533711072,2
LRP5,0.9964352533711072,2
PPP3CB,0.45664275943928506,2
PPP3CC,0.45664275943928506,2
SIVA1,1.0099361667945994,2
BIK,1.0099361667945994,2
USP13,0.3912022121808683,3
GOPC,0.3912022121808683,3
RIT1,-0.6446247868705296,3
RAP1B,-0.6446247868705296,3
RALBP1,-0.5866256062841376,3
RACGAP1,-0.5866256062841376,3
SRGAP2,-0.5866256062841376,3
ARHGAP31,0.1347458735413506,3
ARHGDIB,0.1347458735413506,3
ARHGDIA,0.1347458735413506,3
BNIP2,-0.30292520587424887,3
ARHGEF9,-0.30292520587424887,3
ITSN1,-0.30292520587424887,3
LIMK1,-1.0440597238343776,5
TESK1,-1.0440597238343776,5
LIMK2,-1.0440597238343776,5
NBN,-0.3928139326623842,2
KPNA2,-0.3928139326623842,2
ITGA2,-0.3738638446872855,3
ITGAE,-0.3738638446872855,3
ITGA3,-0.3738638446872855,3
ITGA6,-0.3738638446872855,3
ITGB5,1.9240723228859435,2
ITGB8,1.9240723228859435,2
TUBA1A,0.588574736826902,4
TUBA1B,0.588574736826902,4
RYK,1.6028181223194617,2
FZD1,1.6028181223194617,2
EPN1,-0.14979391791864186,2
PDCD6IP,-0.14979391791864186,2
CHKA,0.14979391791864186,2
VEGFA,0.14979391791864186,2
HBEGF,0.14979391791864186,2
IGFBP3,0.14979391791864186,2
AREG,0.14979391791864186,2
TGFA,0.14979391791864186,2
EIF4G1,1.0789476700642886,2
MKNK2,1.0789476700642886,2
EIF4EBP3,1.0789476700642886,2
SDC2,0.7307891517176478,3
L1CAM,0.7307891517176478,3
HNRNPD,1.4002325443231565,3
TIAL1,1.4002325443231565,3
PARN,-1.4002325443231565,3
HNRNPA0,-1.4002325443231565,3
RRM1,2.4071742910901905,4
RRM2,2.4071742910901905,4
trdox_n,2.057727939941378,6
Metab__Deoxyuridine triphosphate_n,2.057727939941378,6
Metab__Inosinic acid_c,0.07740800694129378,4
IMPDH2,0.07740800694129378,4
DPYD,-1.0040878743276958,6
Metab__Dihydrothymine_c,-1.0040878743276958,6
"Metab__6-O-phosphonato-D-glucono-1,5-lactone(2-)_c",-0.08129085343798681,6
G6PD,-0.08129085343798681,6
Metab__Ethanolamine_c,-0.12570891181913452,4
ps_hs_c,-0.12570891181913452,4
KIF7,-0.5654084548695579,1
STK36,-0.5654084548695579,1
STAM2,1.884315236513297,2
IL15RA,1.884315236513297,2
BRMS1,-1.009936166794596,2
ESCO1,-1.009936166794596,2
KPNA1,0.8695192153454452,2
NUP98,0.8695192153454452,2
MOB1A,-1.164990670562119,2
MOB1B,-1.164990670562119,2
KREMEN2,0.5301404996330847,3
KREMEN1,0.5301404996330847,3
Enzyme9409__PLCE1,0.012055737415342778,5
Enzyme9409__PLCD3,0.012055737415342778,5
Enzyme2912__SGMS2,0.012055737415342778,5
Enzyme6818__SGMS2,0.012055737415342778,5
Enzyme1210__PLCD3,0.012055737415342778,5
Enzyme6822__SGMS1,0.012055737415342778,5
Enzyme6817__SGMS2,0.012055737415342778,5
Enzyme6821__SGMS1,0.012055737415342778,5
Enzyme9409__PLCB3,0.012055737415342778,5
Enzyme2912__SGMS1,0.012055737415342778,5
Enzyme1210__PLCB4,0.012055737415342778,5
Enzyme5787__orphanReacDAGt,0.012055737415342778,5
Enzyme6819__SGMS1,0.012055737415342778,5
Enzyme1210__PLCB3,0.012055737415342778,5
Enzyme6821__SGMS2,0.012055737415342778,5
Enzyme6817__SGMS1,0.012055737415342778,5
Enzyme6818__SGMS1,0.012055737415342778,5
Enzyme1218__PLCB3,0.012055737415342778,5
Enzyme9409__PLCD1,0.012055737415342778,5
Enzyme1218__PLCD1,0.012055737415342778,5
Enzyme2913__SGMS2,0.012055737415342778,5
Enzyme6820__SGMS2,0.012055737415342778,5
Enzyme2913__SGMS1,0.012055737415342778,5
Enzyme2907__SGMS1,0.012055737415342778,5
Enzyme2914__SGMS2,0.012055737415342778,5
Enzyme2906__SGMS1,0.012055737415342778,5
Enzyme9409__PLCB4,0.012055737415342778,5
Enzyme1210__PLCE1,0.012055737415342778,5
Enzyme6816__SGMS2,0.012055737415342778,5
Enzyme2910__SGMS2,0.012055737415342778,5
Enzyme2908__SGMS2,0.012055737415342778,5
Enzyme1210__PLCG2,0.012055737415342778,5
Enzyme2915__SGMS1,0.012055737415342778,5
Enzyme1218__PLCB4,0.012055737415342778,5
Enzyme6819__SGMS2,0.012055737415342778,5
Enzyme1210__PLCD1,0.012055737415342778,5
Enzyme1231__PLPP3,0.012055737415342778,5
Enzyme2903__SGMS2,0.012055737415342778,5
Enzyme9409__PLCG1,0.012055737415342778,5
Enzyme2906__SGMS2,0.012055737415342778,5
Enzyme2914__SGMS1,0.012055737415342778,5
Enzyme6822__SGMS2,0.012055737415342778,5
Enzyme2910__SGMS1,0.012055737415342778,5
Enzyme2908__SGMS1,0.012055737415342778,5
Enzyme1210__PLCG1,0.012055737415342778,5
Enzyme6820__SGMS1,0.012055737415342778,5
Enzyme9409__PLCG2,0.012055737415342778,5
Enzyme1218__PLCG1,0.012055737415342778,5
Enzyme1218__PLCG2,0.012055737415342778,5
Enzyme1218__PLCD3,0.012055737415342778,5
Enzyme1355__SGMS1,0.012055737415342778,5
Enzyme6816__SGMS1,0.012055737415342778,5
Enzyme9195__PNPLA3,0.012055737415342778,5
Enzyme1231__PLPP2,0.012055737415342778,5
Enzyme1231__PLPP1,0.012055737415342778,5
Enzyme2903__SGMS1,0.012055737415342778,5
Enzyme2907__SGMS2,0.012055737415342778,5
Enzyme2915__SGMS2,0.012055737415342778,5
Enzyme1218__PLCE1,0.012055737415342778,5
Enzyme7547__GFPT1,0.0932244246395169,5
Enzyme9119__HK1,0.0932244246395169,5
Enzyme9119__HK2,0.0932244246395169,5
Enzyme9718__HK2,0.0932244246395169,5
Enzyme7547__GFPT2,0.0932244246395169,5
Enzyme9718__HK1,0.0932244246395169,5
Enzyme10508__PLD3,0.012055737415342802,5
Enzyme10508__PLD1,0.012055737415342802,5
Enzyme10508__PLD2,0.012055737415342802,5
Enzyme4336__PLPP4,0.012055737415342783,5
Enzyme4336__PLPP1,0.012055737415342783,5
Enzyme4336__LPIN3,0.012055737415342783,5
Enzyme4336__LPIN2,0.012055737415342783,5
Enzyme4336__PLPP3,0.012055737415342783,5
Enzyme4336__LPIN1,0.012055737415342783,5
Enzyme4336__PLPP5,0.012055737415342783,5
Enzyme4336__PLPP2,0.012055737415342783,5
Enzyme4336__PLPPR2,0.012055737415342783,5
Enzyme1107__SLC12A2,0.20485101263306563,5
Enzyme9272__SLC9A1,0.20485101263306563,5
Enzyme95100001__SLC12A4,0.20485101263306563,5
Enzyme346__CDA,0.20485101263306563,5
Enzyme95100001__SLC12A7,0.20485101263306563,5
Enzyme3787__orphanReacNH4t,0.20485101263306563,5
Enzyme4741__FH,0.20485101263306563,5
Enzyme927600001__SLC24A1,0.20485101263306563,5
Enzyme7681__GNPDA1,0.04219730505544056,3
Enzyme7681__GNPDA2,0.04219730505544056,3
Enzyme9853__orphanReacCHOLESTTDe_reverse,0.9686015554154157,1
Enzyme5715__ABCA1,0.9686015554154157,1
Enzyme4425__DHCR24,0.9686015554154157,1
Enzyme6553__ABCA1,0.1608890247138567,3
Enzyme9853__orphanReacCHOLESTTDe,0.1608890247138567,3
Enzyme4449__HDLBP,0.1608890247138567,3
Enzyme4449__NPC1,0.1608890247138567,3
Enzyme617600002__SLC25A1,-1.3776689536585767,5
Enzyme220700002__SLC25A1,-1.3776689536585767,5
Enzyme619100002__SLC25A1,-1.3776689536585767,5
Enzyme617500002__SLC25A1,-1.3776689536585767,5
Enzyme618800003__SLC25A1,-1.6359539590360996,3
Enzyme616500002__SLC25A1,-1.6359539590360996,3
Enzyme9732__ACO2,-1.6359539590360996,3
Enzyme618600003__SLC25A1,-1.6359539590360996,3
Enzyme9732__ACO1,-1.6359539590360996,3
Enzyme9711__ACO2,-1.6359539590360996,3
Enzyme618400003__SLC25A1,-1.6359539590360996,3
Enzyme9711__ACO1,-1.6359539590360996,3
Enzyme616600002__SLC25A1,-1.6359539590360996,3
Enzyme172400002__SLC25A1,-1.757292238784146,1
Enzyme3825__IREB2_reverse,-1.757292238784146,1
Enzyme3825__ACO1_reverse,-1.757292238784146,1
Enzyme616500001__SLC25A1,-1.757292238784146,1
Enzyme220500001__SLC25A1,-1.757292238784146,1
Enzyme616700002__SLC25A1,-1.757292238784146,1
Enzyme97__ACO1_reverse,-1.757292238784146,1
Enzyme618000003__SLC25A1,-1.757292238784146,1
Enzyme97__ACO2_reverse,-1.757292238784146,1
Enzyme221400002__SLC25A1,-1.757292238784146,1
Enzyme168800001__SLC25A1,-1.757292238784146,1
Enzyme220800002__SLC25A1,-1.757292238784146,1
Enzyme5749__CS,-1.757292238784146,1
Enzyme982500001__SLC25A1,-1.757292238784146,1
Enzyme9711__ACO1_reverse,-1.757292238784146,1
Enzyme9711__ACO2_reverse,-1.757292238784146,1
Enzyme5704__orphanReacCHLtm_reverse,0.04683726747670222,4
Enzyme4347__PLD2,0.04683726747670222,4
Enzyme5710__orphanReacCHOLtg,0.04683726747670222,4
Enzyme254__orphanReacCHOLtr,0.04683726747670222,4
Enzyme4347__PLD1,0.04683726747670222,4
Enzyme1170__PLD1,0.04683726747670222,4
Enzyme1170__PLD2,0.04683726747670222,4
Enzyme1171__PLD1,-0.010410453683910671,6
Enzyme5710__orphanReacCHOLtg_reverse,-0.010410453683910671,6
Enzyme5704__orphanReacCHLtm,-0.010410453683910671,6
Enzyme9376__PLD1,-0.010410453683910671,6
Enzyme1172__PLD1,-0.010410453683910675,6
Enzyme254__orphanReacCHOLtr_reverse,-0.010410453683910675,6
Enzyme1758__orphanReacr1384_reverse,0.17105224470548278,3
Enzyme9087__SLC29A1,0.17105224470548278,3
Enzyme9087__SLC29A2,0.17105224470548278,3
Enzyme3756__PNP_reverse,0.17105224470548278,3
Enzyme9087__SLC29A2_reverse,0.20485101263306563,5
Enzyme9087__SLC29A1_reverse,0.20485101263306563,5
Enzyme119800002__SLC38A2,0.6820862473974466,1
Enzyme119800002__SLC7A1,0.6820862473974466,1
Enzyme6581__orphanReac3MHISc_reverse,0.748322197761165,1
Enzyme89600002__SLC38A2,0.748322197761165,1
Enzyme486200002__SLC6A9,0.748322197761165,1
Enzyme1009900002__SLC7A6,0.01660234900723439,3
Enzyme198000002__SLC7A6,0.01660234900723439,3
Enzyme199400003__SLC7A6,0.01660234900723439,3
Enzyme996700002__SLC7A6,0.01660234900723439,3
Enzyme1011100002__SLC7A6,0.01660234900723439,3
Enzyme1007100003__SLC7A6,0.01660234900723439,3
Enzyme1007900003__SLC7A6,0.01660234900723439,3
Enzyme1009500003__SLC7A6,0.01660234900723439,3
Enzyme199800003__SLC7A6,0.01660234900723439,3
Enzyme199200002__SLC7A6,0.01660234900723439,3
Enzyme996800002__SLC7A6,0.01660234900723439,3
Enzyme1010500002__SLC7A6,0.01660234900723439,3
Enzyme197400003__SLC7A6,0.01660234900723439,3
Enzyme198200002__SLC7A6,0.01660234900723439,3
Enzyme197600003__SLC7A6,0.01660234900723439,3
Enzyme7280__NME6,0.09322442463951693,5
Enzyme949__orphanReacITPtn_reverse,0.09322442463951693,5
Enzyme7280__NME3,0.09322442463951693,5
Enzyme7280__NME7,0.09322442463951693,5
Enzyme9770__PFKL_reverse,0.09322442463951693,5
Enzyme986100002__SLC25A1,-1.6359539590360996,3
Enzyme3753__IDH2_reverse,-1.6359539590360996,3
Enzyme616600001__SLC25A1,-1.6359539590360996,3
Enzyme619000002__SLC25A1,-1.6359539590360996,3
Enzyme3825__IREB2,-1.6359539590360996,3
Enzyme168700002__SLC25A1,-1.6359539590360996,3
Enzyme3825__ACO1,-1.6359539590360996,3
Enzyme982500002__SLC25A1,-1.6359539590360996,3
Enzyme616800001__SLC25A1,-1.6359539590360996,3
Enzyme220600001__SLC25A1,-1.6359539590360996,3
Enzyme3753__IDH1_reverse,-1.6359539590360996,3
Enzyme97__ACO2,-1.6359539590361,3
Enzyme221900002__SLC25A1,-1.6359539590361,3
Enzyme1587__IDH2_reverse,-1.6359539590361,3
Enzyme618100002__SLC25A1,-1.6359539590361,3
Enzyme9155__IDH2_reverse,-1.6359539590361,3
Enzyme221500003__SLC25A1,-1.6359539590361,3
Enzyme221700003__SLC25A1,-1.6359539590361,3
Enzyme97__ACO1,-1.6359539590361,3
Enzyme1587__IDH1_reverse,-1.6359539590361,3
Enzyme944__SLC29A2,0.20485101263306366,5
Enzyme9693__orphanReacr0809_TRANSPORTER2,0.20485101263306366,5
Enzyme944__SLC29A1,0.20485101263306366,5
Enzyme3758__PNP_reverse,0.20485101263306366,5
Enzyme5537__ACLY,-1.794882963848168,5
Enzyme3813__MDH1,-1.794882963848168,5
Enzyme7155__orphanReacMALOAAtm_TRANSPORTER4_reverse,-1.794882963848168,5
Enzyme7155__orphanReacMALOAAtm_TRANSPORTER1,-2.0947114311670356,3
Enzyme9216__MDH1,-2.0947114311670356,3
Enzyme9857__orphanReacr1109,-2.0947114311670356,3
Enzyme7338__LDHA,-1.4515439058544009,3
Enzyme3833__PKM,-1.4515439058544009,3
Enzyme9595__TYMP,-0.9741233972368925,5
Enzyme445__DPYD,-0.9741233972368925,5
Enzyme7225__ENO3,-1.4820491731983152,1
Enzyme7225__ENO1,-1.4820491731983152,1
Enzyme7225__ENO2,-1.4820491731983152,1
Enzyme619000001__SLC25A1,-1.4820491731983156,1
Enzyme619100001__SLC25A1,-1.4820491731983156,1
Enzyme9388__PCK2,-1.4820491731983156,1
Enzyme7615__NT5C3A,-1.1827106728061256,3
Enzyme7615__NT5C2,-1.1827106728061256,3
Enzyme9592__SLC29A1,-1.1827106728061256,3
Enzyme7615__NT5C,-1.1827106728061256,3
Enzyme1428__SLC29A1_reverse,-1.1827106728061256,3
Enzyme9595__TYMP_reverse,-1.1827106728061256,3
Enzyme7615__NT5E,-1.1827106728061256,3
Enzyme329__CMPK1_reverse,2.518536965309086,5
Enzyme5774__CMPK1_reverse,2.518536965309086,5
Enzyme1496__orphanReacUTPtn,2.518536965309086,5
Enzyme2249__RRM2B_reverse,2.518536965309086,5
Enzyme3779__NT5C,0.9841082426099947,1
Enzyme3764__PNP_reverse,0.9841082426099947,1
Enzyme3779__NT5C2,0.9841082426099947,1
Enzyme3779__NT5E,0.9841082426099947,1
Enzyme3779__NT5C3A,0.9841082426099947,1
Enzyme3732__PGAM2_reverse,-1.4515439058543969,3
Enzyme7225__ENO1_reverse,-1.4515439058543969,3
Enzyme3732__BPGM_reverse,-1.4515439058543969,3
Enzyme7225__ENO3_reverse,-1.4515439058543969,3
Enzyme3732__PGAM1_reverse,-1.4515439058543969,3
Enzyme7225__ENO2_reverse,-1.4515439058543969,3
Enzyme3584__orphanReacCA2t,0.19700721001559932,2
Enzyme927500002__SLC24A1,0.19700721001559932,2
Enzyme927600002__SLC24A1,0.19700721001559932,2
Enzyme233__ATP2B4,-0.17025494429367258,4
Enzyme233__ATP2B1,-0.17025494429367258,4
Enzyme9270__ATP1B1_ATP1A3,0.4505876107569775,4
Enzyme9270__ATP1B1_ATP1A1,0.4505876107569775,4
Enzyme95200001__SLC12A7,0.4505876107569775,4
Enzyme9270__ATP1B3_ATP1A1,0.4505876107569775,4
Enzyme929400002__SLC12A2,0.4505876107569775,4
Enzyme95200001__SLC12A4,0.4505876107569775,4
Enzyme927500001__SLC24A1,0.4505876107569775,4
Enzyme275800002__orphanReacKt3r,0.3192003217250291,6
Enzyme563600003__SLC1A3,0.3192003217250291,6
Enzyme1676__orphanReacr0841_reverse,0.7933626489871813,1
Enzyme7325__RPIA,0.7933626489871813,1
Enzyme3771__RPE_reverse,0.7933626489871813,1
Enzyme3844__PGD,0.7933626489871813,1
Enzyme1676__orphanReacr0841,0.04609329574332327,3
Enzyme851__PGD,0.04609329574332327,3
Enzyme8252__KMT2A,0.644257679177607,1
Enzyme8252__SUV39H2,0.644257679177607,1
Enzyme8252__KMT2C,0.644257679177607,1
Enzyme8252__KMT2E,0.644257679177607,1
Enzyme8252__KMT2B,0.644257679177607,1
Enzyme8252__SETD2,0.644257679177607,1
Enzyme8252__SUV39H1,0.644257679177607,1
Enzyme8252__KMT2D,0.644257679177607,1
Enzyme8252__SETDB1,0.644257679177607,1
Enzyme8252__SETD7,0.644257679177607,1
Enzyme8252__SETD1B,0.644257679177607,1
Enzyme8252__SMYD3,0.644257679177607,1
Enzyme8252__DOT1L,0.644257679177607,1
Enzyme8252__EHMT2,0.644257679177607,1
Enzyme8252__KMT5C,0.644257679177607,1
Enzyme8252__ASH1L,0.644257679177607,1
Enzyme8252__SETD1A,0.644257679177607,1
Enzyme3840__AHCYL1_reverse,0.644257679177607,1
Enzyme4361__PEMT,0.644257679177607,1
Enzyme8252__KMT5B,0.644257679177607,1
Enzyme8252__SETMAR,0.644257679177607,1
Enzyme8252__NSD1,0.644257679177607,1
Enzyme8252__KMT5A,0.644257679177607,1
Enzyme4743__HNMT,0.644257679177607,1
Enzyme8252__EHMT1,0.644257679177607,1
Enzyme4788__KMT5A,0.644257679177607,1
Enzyme4788__SUV39H1,0.644257679177607,1
Enzyme4788__SETDB1,0.644257679177607,1
Enzyme4788__KMT2A,0.644257679177607,1
Enzyme4789__SETMAR,0.644257679177607,1
Enzyme4789__SMYD3,0.644257679177607,1
Enzyme4789__SETD7,0.644257679177607,1
Enzyme4789__KMT2D,0.644257679177607,1
Enzyme4789__SETDB1,0.644257679177607,1
Enzyme4789__KMT2C,0.644257679177607,1
Enzyme4789__KMT2B,0.644257679177607,1
Enzyme4789__SETD1B,0.644257679177607,1
Enzyme4789__DOT1L,0.644257679177607,1
Enzyme4789__EHMT2,0.644257679177607,1
Enzyme4789__EHMT1,0.644257679177607,1
Enzyme4789__KMT2A,0.644257679177607,1
Enzyme4789__NSD1,0.644257679177607,1
Enzyme4789__SETD2,0.644257679177607,1
Enzyme4789__SETD1A,0.644257679177607,1
Enzyme4789__SUV39H1,0.644257679177607,1
Enzyme4789__ASH1L,0.644257679177607,1
Enzyme4789__SUV39H2,0.644257679177607,1
Enzyme4789__KMT5C,0.644257679177607,1
Enzyme4789__KMT5B,0.644257679177607,1
Enzyme4789__KMT5A,0.644257679177607,1
Enzyme4789__KMT2E,0.644257679177607,1
Enzyme9392__PFKFB4,0.09322442463951691,5
Enzyme9392__PFKFB3,0.09322442463951691,5
Enzyme9392__PFKFB2,0.09322442463951691,5
Enzyme8928__DHFR,0.012055737415342622,5
Enzyme9747__DHFR_reverse,0.012055737415342622,5
Enzyme3666__DHFR_reverse,0.012055737415342622,5
Enzyme365__orphanReacDHFtm_reverse,0.012055737415342622,5
Enzyme3782__TKT,0.14774972796328556,3
Enzyme3777__TALDO1_reverse,0.14774972796328556,3
Enzyme7337__TK2,-0.9741233972368923,5
Enzyme7337__TK1,-0.9741233972368923,5
Enzyme5778__CMPK1,2.518536965309086,5
Enzyme320__CMPK1,2.518536965309086,5
Enzyme5779__CMPK1,2.518536965309086,5
Enzyme7278__NME3_reverse,2.518536965309086,5
Enzyme7278__NME6_reverse,2.518536965309086,5
Enzyme7278__NME7_reverse,2.518536965309086,5
Enzyme9630__CMPK1,2.518536965309086,5
Enzyme7284__MIA3,0.20091111224809552,5
Enzyme7284__PGK1,0.20091111224809552,5
Enzyme5890__PGAM1_reverse,0.20091111224809552,5
Enzyme5890__PGAM2_reverse,0.20091111224809552,5
Enzyme7546__GAPDH,0.20091111224809552,5
Enzyme442__orphanReacDTDPtn_reverse,-2.1956406668139468,5
Enzyme3724__NME6_reverse,-2.1956406668139468,5
Enzyme3724__NME3_reverse,-2.1956406668139468,5
Enzyme3724__NME7_reverse,-2.1956406668139468,5
Enzyme3674__DTYMK,-2.1956406668139468,5
Enzyme3724__NME7,-1.4515439058544004,3
Enzyme5896__orphanReacDTTPtn_reverse,-1.4515439058544004,3
Enzyme3724__NME3,-1.4515439058544004,3
Enzyme3724__NME6,-1.4515439058544004,3
Enzyme5896__orphanReacDTTPtn,-1.212594349854031,5
Enzyme6133__NME1,-1.212594349854031,5
Enzyme6133__NME2,-1.212594349854031,5
Enzyme1097__NME2_NME1,-1.212594349854031,5
Enzyme1097__NME1_NME2,-1.212594349854031,5
Enzyme7544__G6PD_reverse,0.09322442463951695,5
Enzyme4822__GPI,0.09322442463951695,5
Enzyme1572__HK1,0.09322442463951695,5
Enzyme7574__HK1,0.09322442463951695,5
Enzyme7283__GPI_reverse,0.09322442463951695,5
Enzyme7574__HK2,0.09322442463951695,5
Enzyme1572__HK2,0.09322442463951695,5
Enzyme8969__SLC37A4_reverse,0.09322442463951695,5
Enzyme3734__PGM2,0.09322442463951695,5
Enzyme3734__PGM1,0.09322442463951695,5
Enzyme1571__HK2,0.09322442463951695,5
Enzyme1571__HK1,0.09322442463951695,5
Enzyme7585__NME3,1.0310826557385115,5
Enzyme7585__NME6,1.0310826557385115,5
Enzyme5769__CMPK1_reverse,1.0310826557385115,5
Enzyme7585__NME7,1.0310826557385115,5
Enzyme5814__orphanReacDGTPtn_reverse,1.0310826557385115,5
Enzyme7304__PGM1_reverse,0.17105224470548053,3
Enzyme3758__PNP,0.17105224470548053,3
Enzyme3756__PNP,0.17105224470548053,3
Enzyme7304__PGM2_reverse,0.17105224470548053,3
Enzyme114__ADSL,0.01205573741534262,5
Enzyme3805__ATIC_reverse,0.01205573741534262,5
Enzyme3805__ATIC,-0.051519385533363465,3
Enzyme1559__DHFR,-0.051519385533363465,3
Enzyme3666__DHFR,-0.051519385533363465,3
Enzyme1416__orphanReacTHFtm_reverse,-0.051519385533363465,3
Enzyme9703__DHFR,0.01205573741534262,5
Enzyme1416__orphanReacTHFtm,0.01205573741534262,5
Enzyme7701__LDHA,-1.4066657521773849,3
Enzyme221400003__SLC25A1,-1.4066657521773849,3
Enzyme221900003__SLC25A1,-1.4066657521773849,3
Enzyme220500002__SLC25A1,-1.1726160241498615,5
Enzyme616800002__SLC25A1,-1.1726160241498615,5
Enzyme621600002__SLC25A10,-1.1726160241498615,5
Enzyme9099__orphanReacH2O2tly_reverse,1.603717001755596,2
Enzyme2341__PRDX6_reverse,1.603717001755596,2
Enzyme9099__orphanReacH2O2tly,0.8440715271141932,4
Enzyme4482__PRDX6,0.8440715271141932,4
Enzyme9717__HK2,0.0932244246395169,5
Enzyme9717__HK1,0.0932244246395169,5
Enzyme9715__HK2,0.04219730505544056,3
Enzyme9715__HK1,0.04219730505544056,3
Enzyme9716__HK2,0.09322442463951695,5
Enzyme9716__HK1,0.09322442463951695,5
Enzyme863__PRDX2,0.45664275943928107,2
Enzyme863__GPX1,0.45664275943928107,2
Enzyme4351__PRDX6,0.45664275943928107,2
Enzyme863__GPX4,0.45664275943928107,2
Enzyme863__PRDX1,0.45664275943928107,2
Enzyme4351__GPX1,0.45664275943928107,2
Enzyme8924__PFKFB2,0.04219730505544056,3
Enzyme7283__GPI,0.04219730505544056,3
Enzyme7704__HK2,0.04219730505544056,3
Enzyme8924__PFKFB3,0.04219730505544056,3
Enzyme8924__PFKFB4,0.04219730505544056,3
Enzyme4823__GPI,0.04219730505544056,3
Enzyme7704__HK1,0.04219730505544056,3
Enzyme1573__HK1,0.04219730505544056,3
Enzyme1573__HK2,0.04219730505544056,3
Enzyme7578__MPI,0.04219730505544056,3
Enzyme3753__IDH2,-1.3776689536585767,5
Enzyme3753__IDH1,-1.3776689536585767,5
Enzyme1587__IDH1,-1.3776689536585771,5
Enzyme1587__IDH2,-1.3776689536585771,5
Enzyme9730__IDH1,-1.3776689536585771,5
Enzyme9730__IDH2,-1.3776689536585771,5
Enzyme440__PGAM2,-1.2125943498540281,5
Enzyme440__PGAM1,-1.2125943498540281,5
Enzyme7284__PGK1_reverse,-1.2125943498540281,5
Enzyme3732__PGAM1,-1.2125943498540281,5
Enzyme7284__MIA3_reverse,-1.2125943498540281,5
Enzyme3732__PGAM2,-1.2125943498540281,5
Enzyme3800__ACYP2,-1.2125943498540281,5
Enzyme3800__ACYP1,-1.2125943498540281,5
Enzyme3800__RWDD2A,-1.2125943498540281,5
Enzyme3732__BPGM,-1.2125943498540281,5
Enzyme4823__GPI_reverse,0.09322442463951695,5
Enzyme4822__GPI_reverse,0.09322442463951695,5
Enzyme893__HK1,0.09322442463951695,5
Enzyme1574__HK2,0.09322442463951695,5
Enzyme1574__HK1,0.09322442463951695,5
Enzyme7578__MPI_reverse,0.09322442463951695,5
Enzyme893__HK2,0.09322442463951695,5
Enzyme9440__PTDSS2_reverse,-0.05151938553336344,3
Enzyme10505__CEPT1,-0.05151938553336344,3
Enzyme5698__CEPT1,-0.05151938553336344,3
Enzyme9441__orphanReacPSt3,0.012055737415342802,5
Enzyme1252__ATP10A,0.012055737415342802,5
Enzyme7325__RPIA_reverse,0.046093295743323257,3
Enzyme7304__PGM2,0.046093295743323257,3
Enzyme7304__PGM1,0.046093295743323257,3
Enzyme9742__RRM2B_RRM1_RRM2,2.4772860051798915,5
Enzyme3767__RRM2B,2.4772860051798915,5
Enzyme7324__RRM2B,2.4772860051798915,5
DNM1,0.730789151717647,3
SYNJ1,0.730789151717647,3
NFKBIB,-0.7619327726960835,1
PERP,-0.7619327726960835,1
JAG2,-0.6981454738661902,3
PSEN2,-0.6981454738661902,3
PAK1IP1,-1.1649906705621185,2
RAC2,-1.1649906705621185,2
RHOQ,-1.1649906705621185,2
UBE2A,-0.3009315572574529,3
LIG1,-0.3009315572574529,3
RAD18,-0.3009315572574529,3
POLE,-0.3009315572574529,3
DCTN6,-1.8034338276972206,2
WAC,-1.8034338276972206,2
PPP1R8,1.9680993663285535,2
PPP1R2,1.9680993663285535,2
PPP1R9B,-1.2624686482765617,2
PPP1R15A,-1.2624686482765617,2
ANKRD28,-1.2624686482765617,2
PIK3CD,1.5027357549495142,2
PARD6B,1.5027357549495142,2
RABGEF1,-0.6076864900712539,5
SUN2,-0.6076864900712539,5
RABGGTA,-0.6076864900712539,5
ARHGAP5,-0.04960081766579177,3
ARHGAP35,-0.04960081766579177,3
TIAM1,1.132906193715841,3
DOCK1,1.132906193715841,3
PREX1,1.132906193715841,3
CDH4,1.132906193715841,3
MVD,1.132906193715841,3
TRIO,0.04960081766579177,3
VAV3,0.04960081766579177,3
ARHGAP26,1.0625428056759871,3
SLK,1.0625428056759871,3
KCTD10,1.0625428056759871,3
TNFAIP1,1.0625428056759871,3
AKAP13,-1.0625428056759871,3
NET1,-1.0625428056759871,3
ADGRG1,-1.0625428056759871,3
DAAM1,-1.0625428056759871,3
ARHGEF11,-1.0625428056759871,3
RRAGC,-0.942470116260879,3
RRAGD,-0.942470116260879,3
DDR1,1.950929598698947,3
DDR2,1.950929598698947,3
STRAP,-1.3785938106523323,1
TUBB,-1.3785938106523323,1
BRCA2,1.3785938106523323,1
KPNB1,1.3785938106523323,1
EIF4E,1.629582457256837,1
ACVR1B,1.629582457256837,1
SKIL,1.629582457256837,1
WWOX,0.8931414389065337,1
CITED1,0.8931414389065337,1
GABARAPL2,0.5065812738422041,3
GABARAPL1,0.5065812738422041,3
PEX5,0.5065812738422041,3
SYBU,0.10437875541452984,3
UNC13B,0.10437875541452984,3
USP4,1.0789476700642904,2
PPP2R5A,1.0789476700642904,2
HDAC8,-0.8823557192508102,1
SMYD2,-0.8823557192508102,1
MDM4,-0.8823557192508102,1
MED1,-0.8823557192508102,1
Metab__Oxiglutatione_c,0.8823557192508102,1
IFI16,0.8823557192508102,1
TP53BP2,0.8823557192508102,1
CDKN2AIP,0.8823557192508102,1
E4F1,0.8823557192508102,1
PTTG1,0.8823557192508102,1
TP53RK,0.8823557192508102,1
KAT8,0.8823557192508102,1
IRAK2,0.5607255949094141,2
TRAF3IP2,0.5607255949094141,2
UBE2V1,0.5607255949094141,2
DPYSL2,-1.4253042939469351,2
NUMA1,-1.4253042939469351,2
ZYX,-1.6988794890449965,4
LPP,-1.6988794890449965,4
AMFR,0.6218065847508492,4
VCPIP1,0.6218065847508492,4
PARK7,-2.7396037634755994,3
PARP1,1.292019694503097,1
PARVA,1.0654410897980675,6
PAXIP1,0.7010927155850716,2
PCBP2,-0.816600473557966,2
PCNA,-0.05738960751615486,2
PDCD4,-0.5952687796724225,3
PDGFB,-1.169032426491336,2
PDK1,1.7744971756029058,2
PDPK1,0.1706940290720442,1
PEA15,3.7685361596581437,2
PEBP1,-0.11472556536462977,2
PELI1,-0.6278472976578522,2
PELI3,0.17942888806405352,3
PER1,0.5324807592753512,2
PFKFB2,-0.040182275238181325,4
PFKFB3,-0.040182275238181325,4
PFKL,1.186624020496216,4
PFN1,-1.7657875401949197,3
PGAM1,-1.4083428388716743,4
PGAM2,-1.4083428388716743,4
PGD,0.38271800322063804,2
PGK1,-0.8519974500767723,6
PGM1,0.028888131346293935,4
PHLPP1,-0.864762149363716,2
PIAS1,0.8483352381808261,1
PIAS2,-0.6385491778383973,1
PIAS4,0.02373340809198893,1
PIDD1,1.3876626315253302,2
PIK3C3,-0.6455063853438658,2
PIK3CA,1.059357326556536,2
PIK3CB,2.0979617222111484,2
PIK3R1,1.1060382622730849,2
PIK3R2,1.2505656629332473,2
PIK3R3,0.8823557192508102,1
PIK3R4,-0.765116195397014,3
PIM1,-0.5442674548748907,1
PIN1,1.8801276679054333,1
PIN4,0.5617568439753481,3
PINK1,-1.0099361667945994,2
PKM,-1.5122299094936489,2
PKMYT1,-0.8106796692655763,2
PKN1,-1.0679318445596966,1
PLAT,3.7685361596581437,2
PLAU,2.739603763475601,3
PLAUR,0.7307891517176471,3
PLCB3,-0.15095825342236405,6
PLCD1,-0.15095825342236405,6
PLCE1,-0.15095825342236405,6
PLCG1,0.3883092809189358,3
PLCG2,-0.5679436478214347,3
PLD1,-1.9935561226391574,4
PLD2,0.2497309748332116,5
PLK1,-1.8274428766597266,1
PMAIP1,2.0278700609342524,2
POLA1,-0.3533913678672918,4
PPM1A,1.3785938106523323,1
PPM1D,-0.6312222732870858,2
PPME1,-0.23636472048021065,2
PPP1CA,-2.021855392153763,1
PPP1CB,-0.8823557192508102,1
PPP1CC,-1.1844034613194925,1
PPP1R14B,1.0099361667945959,2
PPP2CA,-0.8086936466446067,1
PPP2CB,1.8752782980351936,1
PPP2R1A,0.23636472048021065,2
PPP2R2A,0.9458500458790436,2
PPP2R5C,0.10583202368034474,1
PPP2R5D,-0.40973360046567153,3
PPP3CA,1.0611023144253888,2
PPP3R1,-0.7738566346801607,1
PPP5C,0.5324807592753512,2
PRC1,0.6144462491400133,4
PRDX1,1.095572123025785,3
PRDX6,1.2301855829387263,3
PRKAA1,-0.6820977511012364,1
PRKAB1,1.0152602453468784,3
PRKACA,2.249052157013959,1
PRKACB,-0.45664275943928506,2
PRKAR1A,-1.5984122320938026,2
PRKAR2B,0.615957697725358,3
PRKCA,1.5954522127361026,1
PRKCD,2.0678053782152386,1
PRKCE,-2.2659189027364666,2
PRKCI,-0.4897075819092448,2
PRKCZ,2.135343309672723,1
PRKD1,1.300478853626504,1
PRKD2,-0.7373506977379967,6
PRKDC,1.79287481142055,1
PRMT1,-1.8347760236876114,1
PRNP,-0.8504985650409334,2
PROS1,1.0757247486836714,4
PSEN1,-0.5607255949094141,2
PSENEN,0.21969445248678282,3
PSIP1,0.088446563004097,2
PSMA7,-0.7539149479500273,1
PSMC3,-1.009936166794599,2
PSMD2,-0.7909975983923678,2
PTCH1,-0.16452484930146288,3
PTEN,-1.9740943967200542,1
PTGES3,-1.7936900706937482,2
PTK2,1.8347760236876114,1
PTK2B,0.9642124646225914,2
PTPN1,-0.17827539427080547,2
PTPN11,1.8347760236876114,1
PTPN12,-1.602491851835602,2
PTPN2,-1.8398593751356853,1
PTPN6,0.7360603547326652,1
PTPRA,1.1310477919755062,2
PTPRF,0.5034485308219678,2
PXN,0.13318047031006752,3
PYCARD,-0.615957697725358,3
RAB1A,0.25471501805564617,3
RAB5A,-0.7777611880971774,4
RABEP1,-0.6076864900712539,5
RAC1,1.7589962912421837,2
RAD1,0.6244042625061696,2
RAD17,0.5586603030585146,3
RAD23B,-0.5904308508430886,2
RAD9A,2.0128274752188893,2
RAF1,-0.19532620238063184,2
RALA,0.524404698760094,3
RALGDS,0.48066195969986397,3
RAN,0.8695192153454452,2
RANBP2,-0.49489520293292244,2
RANBP3,-0.2695952083346682,2
RANBP9,-0.7006158649363884,3
RANGAP1,0.4299942676818207,3
RAP1A,-0.1657361181078885,3
RAP1GAP,-0.3085185628760766,4
RAPGEF1,-1.1760838529341646,3
RASA1,-1.169032426491336,2
RASSF1,-0.02954133777784316,2
RASSF5,-0.2789686819252047,3
RB1CC1,0.8823557192508102,1
RBL1,1.8752782980351936,1
RBL2,-0.9295142684887687,1
RBX1,-0.004024111747272744,1
RCAN1,-0.5811817218212485,3
RCC1,0.608957852202017,3
RCHY1,-0.8823557192508102,1
RDX,-1.7657875401949197,3
RELA,2.0136426867676804,0
RGL2,0.39998195799901054,4
RGS19,-0.6663945740207804,3
RHEB,-0.361428670437108,2
RHOA,-1.021620455228424,2
RICTOR,0.36651814583654757,2
RIN1,0.9337361654819518,2
RIPK1,0.7619327726960835,1
RIPK2,1.2488000623274376,2
RNF11,-0.8282910592245125,2
RNF111,0.5082338249276454,1
RNF8,0.5408314723661996,3
ROBO1,-0.6144462491400133,4
ROCK1,-0.4566599836997123,1
ROCK2,-0.45962177895007517,3
RPA1,0.10437875541453034,3
RPS6KA1,1.8663473533518586,1
RPS6KA2,0.7738566346801607,1
RPS6KA3,1.8663473533518586,1
RPS6KA4,1.993270849375659,1
RPS6KA5,1.6448709569012294,1
RPS6KB1,-0.7144277299873274,1
RPS6KB2,0.622350101339815,4
RPTOR,-0.869869422406942,2
RRAS,1.6969465367812455,3
RRAS2,1.9553358733300987,3
RRM2B,2.4071742910901905,4
RUBCN,0.26440699042341675,3
RUNX2,1.6894027535067593,0
S100A4,0.8823557192508102,1
S1PR1,0.8929181958188189,3
SDC4,1.6028181223194617,2
SEC63,-0.5407989931346492,3
SERPINE1,-2.739603763475601,3
SET,-0.23636472048021065,2
SETDB1,0.4503004086493703,2
SF1,0.46102270759656805,1
SFN,1.0679318445596966,1
SGK1,0.7738566346801607,1
SH2B2,-1.1295401918962864,3
SH3GLB1,-1.04196842335173,3
SH3KBP1,0.14979391791864186,2
SH3RF1,0.9529264042551784,2
SHC1,2.7876318370743625,2
SIAH1,-0.44087826523724627,2
SIAH2,-0.16561217890787938,2
SIK1,0.16313192609257193,1
SIK2,-0.36651814583654824,2
SIK3,-0.36651814583654824,2
SIRT2,-0.6355001034235875,2
SKI,1.6466154999745497,1
SKP1,-1.1801872548435919,2
SKP2,0.6742432550366219,1
SLC12A2,0.5596998282897666,5
SLC25A1,-2.9300045869909472,2
SLC29A1,-0.7662820601814342,4
SLC38A2,-0.13317607994753947,2
SLC6A9,0.3453133238802529,2
SLC7A1,0.2903164354587172,2
SLC9A1,0.7307891517176478,3
SLC9A3R1,-1.9275917049705995,2
SMAD3,2.460776764103872,0
SMAD4,1.7358866618633852,0
SMAD6,-0.3035955318114804,1
SMAD7,-0.6196643719207203,0
SMARCA4,-0.8823557192508102,1
SMO,0.5329240281128672,2
SMURF1,-0.5144104033127669,1
SMURF2,0.9512078595734552,2
SNAI1,-1.249862778695559,0
SNCA,3.7685361596581437,2
SNTA1,0.2560229953292844,3
SNX9,0.14979391791864186,2
SOCS1,1.864364603125516,2
SOCS3,0.6499247085637974,1
SOD1,-1.0440483696116,2
SOS1,1.169032426491336,2
SOS2,1.169032426491336,2
SOX9,-0.32444291731486963,0
SP1,2.6757693969565044,0
SP3,1.9841159838314169,0
SPAG9,-0.6808706505677375,1
SPHK2,0.5087287639651303,1
SPRY1,-0.12209549561607765,3
SPRY2,0.593226952952076,3
SPTLC1,-0.1608890247138572,3
SQSTM1,0.9665824489227269,2
SRC,2.0793962362880913,1
SRF,2.369342402682269,0
SSH1,1.0440597238343776,5
STAT1,3.125073862230197,0
STAT2,1.555045126636636,0
STAT6,1.4983346130977406,0
STEAP3,1.3460548519390414,3
STIP1,2.455331825668656,2
STK11,0.8823557192508102,1
STK24,0.6622579302574277,3
STK3,-1.164990670562119,2
STK38,1.1637939373784034,2
STK39,1.2289969433842105,2
STK4,-1.164990670562119,2
STMN1,0.757451914802139,6
STX1A,0.4566427594392849,2
STXBP1,0.10437875541452984,3
SUFU,0.5654084548695579,1
SUGT1,0.9668863303968714,3
SUMO1,-0.290547260385127,1
SUN1,1.0789476700642944,2
SUV39H1,-0.30259663452199187,2
SYK,1.5496613602086164,2
TAB1,1.0075938666771587,1
TAB2,1.0075938666771587,1
TAB3,0.434753704190518,2
TAGLN2,1.7657875401949197,3
TANK,0.7178698353743015,2
TAOK1,-0.6725895047396705,3
TAOK3,-1.6679519362067927,3
TAX1BP1,-1.8169900150756513,3
TBK1,1.5220584504567656,1
TBL1XR1,0.12737215580999273,2
TBXA2R,1.1046555778859974,3
TCF12,-0.3450583013865627,0
TCF7,0.6382994137547757,1
TCOF1,-0.5655708870927297,3
TDG,-0.3787357673605645,1
TELO2,0.5324807592753512,2
TERF1,-0.4566427594392852,2
TERF2,-0.05344715328198996,2
TERF2IP,-0.3333358757527939,4
TET2,-1.2612012876255456,6
TFAP2A,1.962967568211343,0
TFDP1,-0.6187920765469982,0
TGFB1,0.5082338249276454,1
TGFB1I1,0.6504987394140154,1
TGFB2,0.8295839011785408,2
TGFBR1,1.629582457256837,1
TGFBR2,0.9423989572579886,1
TGM2,-1.0504222142922484,4
TICAM1,1.7040170509959431,2
TK1,-1.0040878743276953,6
TKT,0.3777765606774885,2
TLK1,1.3341190938081477,3
TLN1,1.4994966710130568,3
TNFAIP3,-1.9713599298074778,2
TNFRSF10A,0.3566158612080174,2
TNFRSF10B,0.3566158612080174,2
TNFRSF1A,0.6837905773877909,2
TNIK,0.4505051564565775,4
TNIP1,-0.7619327726960835,1
TNIP2,-1.3166195023629081,1
TNK2,-0.2949360025987749,2
TNPO1,1.0789476700642944,2
TNS1,0.579804279130703,3
TOP1,0.3533913678672918,4
TOPBP1,1.0841748317306446,1
TOPORS,0.8823557192508102,1
TP53,1.719615085074989,0
TP53BP1,0.8823557192508102,1
TPR,0.7642364027169924,4
TPX2,0.5911779584078105,5
TRADD,0.624733485322596,2
TRAF3,1.0596871146747069,2
TRAF4,1.7389586311431613,4
TRAF5,-0.1864467406291644,3
TRAF6,1.0075938666771587,1
TRIB3,-1.0054741474078517,2
TRIM28,-1.0841748317306446,1
TRIP6,0.7293944673114154,3
TSC1,0.6412567696713555,3
TSC2,0.6000417812026071,3
TSHZ3,-0.5087287639651303,1
TTK,0.8823557192508102,1
TTL,-0.6912991267111003,5
TXN,1.6377317629439787,1
TYK2,1.868031881683917,1
TYRO3,0.6166556035342048,3
UBE2N,1.0099813309604246,2
UBE3A,-0.8823557192508102,1
UBXN2B,2.218018366858394,3
ULK1,0.6472985196578578,2
ULK2,0.4566427594392822,2
USF1,1.632543869027464,0
USP10,0.8823557192508102,1
USP28,-1.8752782980351936,1
USP37,-0.39281393266238424,2
UVRAG,-0.26440699042341675,3
VASP,-1.7657875401949197,3
VAV1,3.1676449185582882,2
VAV2,0.19246646742670767,3
VCP,0.7671326441718627,3
VHL,-0.5216522622706404,1
VPS39,-0.8931414389065337,1
WEE1,-0.5332492568920087,2
WNK1,0.9416547624284107,3
WWTR1,1.606850809264918,1
XBP1,1.5253951847589775,0
XIAP,0.8497148334969524,2
XPA,0.6244042625061728,2
XPC,-1.5540574985724587,2
XPO1,0.007459093183716726,1
XPO5,0.4299942676818207,3
XRCC6,0.615957697725358,3
YAP1,-1.0665009541948536,1
YES1,2.712953270042135,2
YWHAB,-0.49295134818665504,2
YWHAE,-0.49295134818665504,2
YWHAG,0.08341334433487027,2
YWHAH,-0.28415244850137017,2
YWHAQ,-0.26146655870722024,1
YWHAZ,0.9370107404665062,2
YY1,-0.23853041202955785,0
ZFYVE9,1.3785938106523323,1
