current_factor,scale_views_true_factor,pearson_r,abs_pearson_r,sign
Factor1,Factor1,-0.9999972322285189,0.9999972322285189,-1
Factor2,Factor2,-0.9999998646219387,0.9999998646219387,-1
Factor3,Factor3,-0.9999999476769225,0.9999999476769225,-1
Factor4,Factor4,0.9999968920400176,0.9999968920400176,1
Factor5,Factor5,-0.9999974300987644,0.9999974300987644,-1
Factor6,Factor6,0.9999941462544953,0.9999941462544953,1
Factor7,Factor7,-0.9999662772373189,0.9999662772373189,-1
Factor8,Factor8,0.9995106145078805,0.9995106145078805,1
Factor9,Factor9,0.9993345774503017,0.9993345774503017,1
