source,score
Gene1010__SLC2A1,-2.762090330228011
Gene1199__GOT2,0.348164789986418
Gene1199__GOT2_reverse,0.1173456565709981
Gene1251__orphanReacPROtm,1.224277894960702
Gene12700001__orphanReacSLC_complex_3,0.9586847713545412
Gene12800002__SLC1A5,0.9586847713545412
Gene13000002__SLC1A5,0.9586847713545412
Gene1333__COMT,0.6315256862960316
Gene1338__AKR1A1,-1.1683928266234611
Gene1338__AKR7A2,-1.1683928266234611
Gene134100003__SLC1A5,0.5174528812653043
Gene134200002__orphanReacSLC_complex_3,0.5174528812653043
Gene134300002__orphanReacSLC_complex_7,0.5174528812653043
Gene134400002__SLC1A5,0.5174528812653043
Gene1346__ESD,-1.1321418100695386
Gene1397__SDHA_SDHD_SDHC_SDHB_reverse,-0.40077798062398734
Gene1542__IDH1,-0.42355697748665394
Gene1542__IDH2,-0.42355697748665394
Gene1551__orphanReacr0156,0.9586847713545412
Gene1561__AKR1A1,1.036360837124074
Gene1563__GMPR2_reverse,1.0300890317088534
Gene1565__GMPS,1.0300890317088534
Gene156__AKR1A1,-1.440910689323668
Gene1583__ALDOA,-0.5638478351173188
Gene1598__orphanReacr0480,0.6315256862960316
Gene1598__orphanReacr0480_reverse,-0.04759438893162323
Gene1664__orphanReacr0788,0.6315256862960316
Gene1664__orphanReacr0788_reverse,-0.04759438893162323
Gene1665__orphanReacr0789,0.6315256862960316
Gene1665__orphanReacr0789_reverse,-0.04759438893162323
Gene1683__orphanReacr0899_reverse,0.4092394674572085
Gene1684__orphanReacr0907,0.6609185505244671
Gene1684__orphanReacr0907_reverse,0.7076689312038151
Gene16900002__SLC1A5,0.20103547941733177
Gene1697__orphanReacSPMDtex2_reverse,-2.044829623318475
Gene17000002__SLC1A5,0.20103547941733177
Gene172__ASNS,0.4413883190031931
Gene17300002__SLC38A2,0.20103547941733177
Gene1758__orphanReacr1384,-0.07085385090547457
Gene1758__orphanReacr1384_reverse,-1.7712989582840306
Gene1765__orphanReacALAtmi,0.96085191772235
Gene1766__orphanReacr1435,0.3999285195788913
Gene1767__orphanReacr1437,-1.5432282243483784
Gene177300002__orphanReacPHEt2m,0.5888798486691179
Gene178__GOT2,0.348164789986418
Gene178__GOT2_reverse,-0.5416467251011938
Gene2341__PRDX6,-1.0423095573349745
Gene2341__PRDX6_reverse,1.514806496858046
Gene2346__PKM_reverse,0.37345090769862627
Gene2730__orphanReacAHCYStm,0.43745867263754407
Gene2730__orphanReacAHCYStm_reverse,0.6315256862960316
Gene2759__orphanReacLACLt,0.4662902740518737
Gene2782__orphanReac5MTAte,-0.6081908978560687
Gene2807__orphanReacSFCYSc_reverse,-1.4226295411572627
Gene2970__orphanReacC05953t_TRANSPORTER2,0.4662902740518737
Gene2972__orphanReacC06439t_TRANSPORTER2,0.4662902740518737
Gene2978__orphanReac2OXOADPt_TRANSPORTER2,-0.49252173044869296
Gene30600003__SLC1A5,-1.4226295411572627
Gene30700003__SLC1A5,-1.4226295411572627
Gene30800002__orphanReacSLC_complex_3,-0.26368930638178734
Gene30800002__orphanReacSLC_complex_5,-0.26368930638178734
Gene31000002__SLC1A5,-1.4226295411572627
Gene328__CMPK1_reverse,0.12792920482503106
Gene330__CMPK1_reverse,0.12792920482503106
Gene3418__orphanReacGLYLYSPHEr,0.28080713070822794
Gene3422__orphanReacALAARGCYSr,0.5286335558657419
Gene3423__orphanReacGLYTYRLYSr,0.13935519486622192
Gene3424__orphanReacGLYVALHISr,0.31590340609625067
Gene3425__orphanReacHISGLUr,0.5854544385107854
Gene3426__orphanReacHISGLUGLNr,0.765430300392457
Gene3428__orphanReacALAARGGLYr,1.248470580672573
Gene3429__orphanReacALAASNLEUr,1.0674447198046033
Gene3430__orphanReacALAGLYLYSr,0.47350729012937837
Gene3433__orphanReacARGALATHRr,1.435461775718722
Gene3440__orphanReacILEGLNGLUr,0.5849809457139853
Gene3441__orphanReacILEGLYARGr,0.8227135860535306
Gene3454__orphanReacARGVALCYSr,0.2527930720739302
Gene3457__orphanReacASPALAARGr,1.2530939343634537
Gene3458__orphanReacLEUSERTRPr,0.912995910335686
Gene3460__orphanReacLYSCYSHISr,-0.7585353426225192
Gene3462__orphanReacASPGLUPROr,0.7582132310086056
Gene3463__orphanReacASPGLUTRPr,0.3873782102599107
Gene3466__orphanReacMETASNTYRr,0.9468432157150802
Gene3468__orphanReacASPHISCYSr,-0.7351246715718237
Gene3470__orphanReacASPLYSGLUr,0.1956949415466495
Gene3473__orphanReacASPVALASNr,0.2632318902694445
Gene3474__orphanReacCYSASNMETr,-0.2692735530893009
Gene3478__orphanReacPHELYSALAr,1.06191011682503
Gene3480__orphanReacCYSASPPHEr,-0.6040168328838705
Gene3483__orphanReacCYSGLUTRPr,-0.4266715060115
Gene3484__orphanReacCYSLEUTHRr,-0.31509231687150585
Gene3485__orphanReacCYSSERMETr,-0.10828528501740059
Gene3488__orphanReacPHESERTRPr,0.9459006462281311
Gene3489__orphanReacPROARGCYSr,0.6601821689756039
Gene3490__orphanReacCYSTYRASNr,-0.527927398709247
Gene3491__orphanReacGLNASNGLNr,0.20103547941733177
Gene3499__orphanReacGLUASNLEUr,0.8486074550846159
Gene3501__orphanReacGLUILELYSr,0.39729909592521295
Gene3502__orphanReacGLULEUr,0.945722108087288
Gene3503__orphanReacGLUMETr,0.9221078581576774
Gene3504__orphanReacGLUTHRLYSr,0.49111474418163575
Gene3520__orphanReacSERCYSARGr,0.2889866510436729
Gene3521__orphanReacSERGLYGLUr,0.37137265795145247
Gene3522__orphanReacSERLYSHISr,0.7207870521815226
Gene3523__orphanReacSERTRPHISr,0.7953829242141568
Gene3524__orphanReacTHRASNTYRr,0.6131609244780947
Gene3538__orphanReacTRPALAPROr,1.4779047204823725
Gene3539__orphanReacTRPGLUTYRr,0.7140000255497241
Gene3540__orphanReacTRPGLYVALr,0.29461927571538293
Gene3549__orphanReacTRPSERTYRr,0.8205470312848987
Gene3556__orphanReacTYRALAr,0.9454104213151259
Gene3557__orphanReacTYRARGSERr,1.436369266768824
Gene3558__orphanReacTYRCYSTHRr,-0.48592100473582533
Gene3559__orphanReacTYRGLUr,0.5680902126656544
Gene356800002__orphanReacr2514m,-2.807020942730176
Gene3572__orphanReacTRPGLYASPr,-0.01482970121127619
Gene3616__orphanReacHCYSte,-2.096987818285063
Gene3636__GOT1,0.39663867509265216
Gene3636__GOT1_reverse,-0.43354324476817585
Gene3656__CTPS1,0.39663867509265216
Gene3684__CNDP2,0.38608741780821154
Gene3686__PEPD,0.560170621597676
Gene3751__AK2_reverse,0.17509299093498276
Gene3777__TALDO1,-0.5638478351173188
Gene3779__NT5C,-0.07085385090547457
Gene3779__NT5C2,-0.07085385090547457
Gene3813__MDH1_reverse,-0.15871098399003777
Gene3815__CMPK1_reverse,0.12792920482503106
Gene3840__AHCY,-1.2832385010957665
Gene3840__AHCYL1,-1.2832385010957665
Gene3840__AHCYL1_reverse,0.6315256862960316
Gene3840__AHCY_reverse,0.6315256862960316
Gene3846__ALDH9A1,1.2528375167091745
Gene3846__ALDH9A1_reverse,0.9113534892324139
Gene3860__ALDH9A1,0.4662902740518737
Gene4741__FH,0.09771617706212489
Gene4752__ALDH9A1,0.4092394674572085
Gene4777__COQ5,0.43745867263754407
Gene4788__ASH1L,0.6315256862960316
Gene4788__KMT2A,0.6315256862960316
Gene4788__KMT2C,0.6315256862960316
Gene4788__KMT2E,0.6315256862960316
Gene4788__KMT5A,0.6315256862960316
Gene4788__SETD2,0.6315256862960316
Gene4788__SETDB1,0.6315256862960316
Gene4788__SMYD3,0.6315256862960316
Gene4789__ASH1L,0.6315256862960316
Gene4789__KMT2A,0.6315256862960316
Gene4789__KMT2C,0.6315256862960316
Gene4789__KMT2E,0.6315256862960316
Gene4789__KMT5A,0.6315256862960316
Gene4789__SETD2,0.6315256862960316
Gene4789__SETDB1,0.6315256862960316
Gene4789__SMYD3,0.6315256862960316
Gene4790__SEC11A,1.2941016446049667
Gene4790__SEC11C,1.2941016446049667
Gene4790__SPCS1,1.2941016446049667
Gene4790__SPCS2,1.2941016446049667
Gene4790__SPCS3,1.2941016446049667
Gene4822__GPI,-0.2335026705209078
Gene4834__ALDOA,0.9113534892324139
Gene5113__orphanReacAM1C4N9CShc,-0.04759438893162323
Gene5114__orphanReacDELACCRVSM23hc,-0.04759438893162323
Gene5127__orphanReacAM4N9CShc,-0.04759438893162323
Gene5130__orphanReacAM4NCShr,-0.04759438893162323
Gene5248__orphanReacS3MEACMPhc,-0.04759438893162323
Gene5452__COMT,0.6315256862960316
Gene5472__GOT1,0.39663867509265216
Gene5473__GOT2,0.348164789986418
Gene5578__orphanReacAHCYStr_reverse,0.6315256862960316
Gene5581__orphanReacAKGtp_reverse,-0.49252173044869296
Gene558500002__SLC1A5,0.9586847713545412
Gene558600002__SLC1A5,0.9586847713545412
Gene558900001__orphanReacSLC_complex_2,0.9586847713545412
Gene559000002__SLC1A5,0.9586847713545412
Gene559100002__SLC38A2,0.9586847713545412
Gene559100002__SLC7A1,0.9586847713545412
Gene563000003__SLC1A5,0.20103547941733177
Gene563100002__SLC1A5,0.20103547941733177
Gene563200002__SLC1A5,0.20103547941733177
Gene5633__orphanReacASNtm,0.3197798941637827
Gene5660__orphanReacBALAtmr,-0.05794138984887834
Gene5660__orphanReacBALAtmr_reverse,0.4092394674572085
Gene5661__ALDH9A1,0.4092394674572085
Gene5749__CS,-0.09777663836363744
Gene575700002__SLC1A5,-1.4226295411572627
Gene575900001__orphanReacSLC_complex_2,-1.4226295411572627
Gene575900001__orphanReacSLC_complex_4,-1.4226295411572627
Gene576000002__SLC38A2,-1.4226295411572627
Gene5761__GOT1,0.39663867509265216
Gene5761__GOT1_reverse,-1.3183312292337874
Gene576200002__SLC1A5,-1.4226295411572627
Gene5764__UCK2,0.12792920482503106
Gene5769__CMPK1_reverse,0.12792920482503106
Gene5779__CMPK1_reverse,0.12792920482503106
Gene5885__COMT,0.6315256862960316
Gene5890__PGAM1,-0.8180336875635746
Gene5908__GOT2,-0.32986361825173377
Gene5909__GOT2,0.348164789986418
Gene6460__TPP1,-0.26368930638178734
Gene6514__orphanReacGLYCt_reverse,-2.244469158948064
Gene6521__orphanReacLEUGLYHYc,0.38608741780821154
Gene6535__orphanReacPTRCtex2_reverse,0.6609185505244671
Gene657__ADH5_reverse,-1.1321418100695386
Gene6581__orphanReac3MHISc,0.6315256862960316
Gene6581__orphanReac3MHISc_reverse,0.22108834681465772
Gene6630__orphanReacMETTRANSc,0.9586847713545412
Gene6630__orphanReacMETTRANSc_reverse,0.9345481426088547
Gene6644__PEPD,0.560170621597676
Gene665500001__orphanReac15KPROSTGF2t,0.4662902740518737
Gene6668__orphanReacAMETtm,-0.07254933168570496
Gene6707__orphanReacAHCYSte,0.6315256862960316
Gene6760__orphanReacXTSNtr,-0.07085385090547457
Gene6791__orphanReacGLYC_Rt_reverse,1.2528375167091745
Gene685800001__orphanReacC05957t,0.4662902740518737
Gene687800001__orphanReacCE0955te,0.4662902740518737
Gene690800001__orphanReacCE5304t,0.4662902740518737
Gene7057__orphanReacALALYSTHRr,0.8190088945938326
Gene7058__orphanReacARGALAPHEr,1.6942535073444536
Gene7060__orphanReacARGCYSGLYr,-0.16804156345356996
Gene7061__orphanReacARGCYSSERr,0.2889866510436729
Gene7063__orphanReacARGGLUPROr,1.6998996379890168
Gene7092__orphanReacASNCYSCYSr,0.20103547941733177
Gene7093__orphanReacASNMETPROr,1.297171059495585
Gene7094__orphanReacASNPHEASPr,0.4136752709791011
Gene7095__orphanReacASNPHECYSr,-0.3758787370079624
Gene7096__orphanReacASNTYRGLYr,0.2434067437964051
Gene7097__orphanReacASNTYRPHEr,0.7839918801590433
Gene7098__orphanReacASNTYRTHRr,0.6131609244780947
Gene7099__orphanReacASPASNGLUr,0.27404907917000887
Gene7100__orphanReacASPGLUr,0.1956949415466495
Gene7102__orphanReacCYSGLNMETr,-0.11115693037593109
Gene7103__orphanReacCYSGLUHISr,-0.41611390022349654
Gene7106__orphanReacGLNPROGLUr,1.0549332504142535
Gene7107__orphanReacGLNTRPGLUr,0.6793139508760956
Gene7109__orphanReacGLUARGLEUr,1.6836360456222599
Gene7110__orphanReacGLUMETHISr,1.0311964834695786
Gene7111__orphanReacGLUTHRr,0.49111474418163575
Gene7112__orphanReacGLUTRPALAr,0.9727499465518161
Gene7113__orphanReacGLYHISASNr,0.21448877638021657
Gene7155__orphanReacMALOAAtm_TRANSPORTER2,-0.15871098399003777
Gene7155__orphanReacMALOAAtm_TRANSPORTER3_reverse,-0.2934301590816993
Gene7225__ENO1,0.37345090769862627
Gene7269__orphanReacGLYHISLYSr,0.09202734395149298
Gene7270__orphanReacGLYLYSCYSr,-1.3587851482343278
Gene7282__NT5C,1.1811472603954611
Gene7283__GPI_reverse,-0.2335026705209078
Gene7286__orphanReacHISARGCYSr,0.23390631335983925
Gene7287__orphanReacHISARGSERr,1.5797603135345273
Gene7290__orphanReacHISGLNALAr,1.130587641110625
Gene7291__orphanReacHISGLYLYSr,0.09202734395149298
Gene7292__orphanReacHISLYSALAr,0.9284957641295601
Gene7293__orphanReacHISLYSGLUr,0.5854544385107854
Gene7297__orphanReacILEASNHISr,0.5174936343798011
Gene7299__orphanReacILESERARGr,1.2170575096692975
Gene7307__orphanReacLEUALAARGr,1.8754079063812281
Gene7308__orphanReacLEUASNASPr,0.4538568907211914
Gene7319__PSAT1,0.0733342341198622
Gene7320__PSPH,0.5174528812653043
Gene7326__SRM,-1.8232167704355742
Gene7330__orphanReacMETGLYARGr,1.4854058488897757
Gene7334__orphanReacPHEASNMETr,0.9582399729210681
Gene7338__LDHA_reverse,0.4662902740518737
Gene7341__orphanReacPHEPHEASNr,0.20103547941733177
Gene7346__ODC1,0.6609185505244671
Gene7347__GOT1,0.39663867509265216
Gene7347__GOT1_reverse,0.1497185962188359
Gene7350__GOT1,0.39663867509265216
Gene7350__GOT1_reverse,0.020004202560138854
Gene7359__orphanReacPROASNCYSr,-0.2073680821065022
Gene7360__orphanReacPROCYSr,-0.4198374806257808
Gene7361__orphanReacPROGLULYSr,1.0352846311858885
Gene7363__orphanReacSERARGALAr,1.633426502219366
Gene7364__orphanReacSERARGTRPr,1.3872988223665403
Gene7365__orphanReacSERPHELYSr,0.9649256933792454
Gene7367__orphanReacTHRGLNGLUr,0.6579412893571726
Gene7370__orphanReacTHRSERARGr,1.2644979286277938
Gene7372__orphanReacTRPARGALAr,1.6507787910206206
Gene7387__orphanReacTRPGLUGLYr,0.28938534697906815
Gene7388__orphanReacTRPGLULEUr,0.9080083018172173
Gene7389__orphanReacTRPGLUPROr,1.0678583338528809
Gene7390__orphanReacTRPGLYLEUr_reverse,0.34902635470881793
Gene7391__orphanReacTRPGLYPHEr_reverse,0.34902635470881793
Gene7395__orphanReacTRPPROGLYr_reverse,0.34902635470881793
Gene7397__orphanReacTRPTHRGLUr,0.5989922026104905
Gene7401__orphanReacTYRALAPHEr,1.080302548140858
Gene7421__orphanReacTYRARGGLUr,1.3163315501899144
Gene7423__orphanReacTYRCYSGLYr,-0.802209995008857
Gene7428__orphanReacVALARGGLYr,1.0513940304412037
Gene7429__orphanReacVALHISASNr,0.6214784911478182
Gene7432__orphanReacVALSERARGr,1.3767281189426543
Gene7536__ALDOA,0.9113534892324139
Gene7542__FH,-0.15871098399003777
Gene7542__FH_reverse,0.09771617706212489
Gene7548__SHMT1,-0.26368930638178734
Gene7548__SHMT1_reverse,0.5174528812653043
Gene7550__orphanReacGLYPHEHYc,0.28080713070822794
Gene7572__GMPS,0.9542124564805586
Gene757700002__BSG,0.4662902740518737
Gene7608__IDH1,-0.49252173044869296
Gene7633__NT5C2,-1.7712989582840306
Gene7698__ACOT7,-1.9128400914424262
Gene7702__HAGH,-1.1321418100695386
Gene7717__ACOT7,-2.228765724559031
Gene808__SHMT1,-0.3622483787138498
Gene808__SHMT1_reverse,0.3999285195788913
Gene808__SHMT2,-0.3622483787138498
Gene808__SHMT2_reverse,0.3999285195788913
Gene8241__COMT,0.6315256862960316
Gene8241__COMT_reverse,-0.04759438893162323
Gene8252__ASH1L,0.6315256862960316
Gene8252__KMT2A,0.6315256862960316
Gene8252__KMT2C,0.6315256862960316
Gene8252__KMT2E,0.6315256862960316
Gene8252__KMT5A,0.6315256862960316
Gene8252__SETD2,0.6315256862960316
Gene8252__SETDB1,0.6315256862960316
Gene8252__SMYD3,0.6315256862960316
Gene8406__orphanReacARGDr,1.119316659783578
Gene8413__FAM20B,0.12792920482503106
Gene8413__FN3KRP,0.12792920482503106
Gene84500002__SLC38A2,-0.26368930638178734
Gene8457__orphanReac3MEACMPhc,0.6315256862960316
Gene847__orphanReacGLYtm,-0.3622483787138498
Gene847__orphanReacGLYtm_reverse,-0.26368930638178734
Gene8499__orphanReacCRVSM1SPhc,-0.04759438893162323
Gene849__orphanReacGMPtg_reverse,1.0300890317088534
Gene850__orphanReacGMPtn_reverse,1.0300890317088534
Gene865__GSS,-1.1321418100695386
Gene8788__orphanReacAM1A4NCShc,-0.04759438893162323
Gene8887__orphanReacGLYitr,-0.26368930638178734
Gene8947__FH,-0.2934301590816993
Gene8947__FH_reverse,0.12538126360757917
Gene9027__SHMT1,-0.26368930638178734
Gene9060__GLUD1,-0.42355697748665394
Gene9060__GLUD1_reverse,0.348164789986418
Gene9061__GLUD1,-0.42355697748665394
Gene9061__GLUD1_reverse,0.348164789986418
Gene9065__orphanReacGLUt7l,0.39663867509265216
Gene9067__orphanReacGLUtr_reverse,0.39663867509265216
Gene9078__orphanReacGLYtp_reverse,-0.26368930638178734
Gene9093__orphanReacGTHRDtr_reverse,-1.1321418100695386
Gene9155__IDH2,-0.42355697748665394
Gene9172__LDHA_reverse,0.4078977717581348
Gene9176__orphanReacLEUt5m,1.05802167960496
Gene9216__MDH1_reverse,-0.2934301590816993
Gene9216__MDH2_reverse,-0.2934301590816993
Gene930__IDH1,-0.49252173044869296
Gene941__orphanReacILEtmi_reverse,0.1694958644721523
Gene9439__PTDSS1_reverse,0.5174528812653043
Gene951500003__SLC1A5,0.5174528812653043
Gene951600003__SLC1A5,0.5174528812653043
Gene951900002__orphanReacSLC_complex_3,0.5174528812653043
Gene952000003__SLC1A5,0.5174528812653043
Gene952400002__SLC38A2,0.5174528812653043
Gene9525__orphanReacSERtp_reverse,0.5174528812653043
Gene9549__SMS,-0.6081908978560687
Gene9549__SRM,-0.6081908978560687
Gene9561__SUCLG1_SUCLG2_reverse,-0.40077798062398734
Gene9562__SUCLG1_SUCLA2_reverse,-0.40077798062398734
Gene9616__GOT2,-0.07088098707500813
Gene9616__GOT2_reverse,0.348164789986418
Gene961__ADH5_reverse,-1.1321418100695386
Gene9640__orphanReacVALt5m,0.6290581736786721
Gene965__GOT1,0.39663867509265216
Gene965__GOT1_reverse,-0.49252173044869296
Gene9691__orphanReacr0157,0.96085191772235
Gene9693__orphanReacr0809_TRANSPORTER4_reverse,0.26719743507503046
Gene9699__ALAS1_reverse,-0.3622483787138498
Gene9706__AKR1A1,0.9113534892324139
Gene9726__ALDH9A1,1.3865912124685793
Gene9752__UCK2,0.12792920482503106
Gene9752__UCK2_reverse,-0.032985169973563065
Gene982400001__orphanReacr0911,0.39663867509265216
Gene982400002__orphanReacr0911,1.224277894960702
Gene9855__orphanReacr1078,0.3371885015267698
Gene9863__UCK2_reverse,-2.0114706012124874
Gene9884__orphanReacr1377_reverse,-1.1321418100695386
Gene9891__orphanReacMETtm,0.8583235152092428
Gene9892__orphanReacthr_mt,0.06827396659221893
AHCYL1,-1.211201914745253
AKR1A1,-0.8451020244982929
ALDH9A1,1.6909873197202967
ALDOA,0.4431787225309282
ASNS,0.21059869938983586
BSG,0.12083231120229843
COQ5,0.23899644758723967
ENO1,0.024068443881105798
FH,-0.94661345769243
GOT1,-0.7621217342016321
GPI,-0.8770198613167398
IDH1,-1.6953787511683658
IDH2,-1.0458929996351427
KMT5A,0.9357001113660642
LDHA,0.3955231255244161
Metab__34dhoxmand_c,0.5506225939992182
Metab__3meacmp_c,-0.21919947141284993
Metab__3mhis_c,-0.08775149401066831
Metab__4mtob_c,0.8336162576014527
Metab__HC00361_c,-1.0130341928217388
Metab__HC00664_c,0.8640539539549936
Metab__HC01496_m,-0.8710310199401754
Metab__HC02121_c,-1.8279500340076653
Metab__HMDB0000050_e,0.03718271996997891
Metab__HMDB0000051_c,-0.4689109149572873
Metab__HMDB0000051_m,0.3089946228961478
Metab__HMDB0000056_e,0.378615169375192
Metab__HMDB0000097_c,0.25690654648005
Metab__HMDB0000122_c,-2.3523652110676307
Metab__HMDB0000123_e,-0.988729314380362
Metab__HMDB0000123_r,-0.763610357556741
Metab__HMDB0000123_x,-0.9339038822488914
Metab__HMDB0000125_r,-1.6187811724153445
Metab__HMDB0000131_e,-3.1487364740460912
Metab__HMDB0000139_e,1.3829760810330167
Metab__HMDB0000148_l,0.2430248185588914
Metab__HMDB0000148_r,0.38302427641258074
Metab__HMDB0000161_e,2.7819983207033085
Metab__HMDB0000168_e,-0.07965754109000768
Metab__HMDB0000169_e,-3.56438896597713
Metab__HMDB0000175_c,0.9118949412958124
Metab__HMDB0000187_e,1.2511024620166915
Metab__HMDB0000187_x,0.1564660701133825
Metab__HMDB0000190_e,0.9966165905849707
Metab__HMDB0000190_x,0.20249734555395926
Metab__HMDB0000193_c,-1.023309576215948
Metab__HMDB0000193_m,-0.6958633220241887
Metab__HMDB0000205_c,-0.15084463623416483
Metab__HMDB0000205_m,-0.1399926035533837
Metab__HMDB0000208_e,-1.2455159914505347
Metab__HMDB0000208_x,-1.0274396008691358
Metab__HMDB0000223_c,-1.102961289938266
Metab__HMDB0000223_m,-1.573790438905221
Metab__HMDB0000224_c,0.6168930706634453
Metab__HMDB0000243_c,1.121711005768627
Metab__HMDB0000243_m,0.7469563617806055
Metab__HMDB0000285_c,0.17280367497738972
Metab__HMDB0000288_c,-3.2877452715174864
Metab__HMDB0000291_c,-0.2135900628104808
Metab__HMDB0000299_e,-0.6163161633566585
Metab__HMDB0000362_c,0.024068443881105798
Metab__HMDB0000574_e,-5.876163282737142
Metab__HMDB0000707_c,-0.17644151191028704
Metab__HMDB0000707_m,-0.41620472806707864
Metab__HMDB0000721_c,0.3912733955502763
Metab__HMDB0000731_c,-2.0836855161577423
Metab__HMDB0000742_e,-2.7577488472476874
Metab__HMDB0000759_c,0.14194959693757478
Metab__HMDB0000939_e,0.4377867782749279
Metab__HMDB0000939_r,0.45721620141216196
Metab__HMDB0000960_c,-0.26261836737895006
Metab__HMDB0000988_c,-2.91692486228995
Metab__HMDB0001000_c,-2.6108401147492497
Metab__HMDB0001022_m,-1.3404163160699945
Metab__HMDB0001068_c,-0.8222430661809832
Metab__HMDB0001112_c,-0.8222430661809832
Metab__HMDB0001173_e,-1.0854532797901735
Metab__HMDB0001245_c,-0.2907097946225439
Metab__HMDB0001257_e,-3.8116812551278776
Metab__HMDB0001270_c,-1.223097227238735
Metab__HMDB0001342_c,0.05786911311593721
Metab__HMDB0001368_c,-1.774654697445832
Metab__HMDB0001397_g,0.8941976012940229
Metab__HMDB0001397_n,1.1506206977529179
Metab__HMDB0001409_c,1.2876948751101354
Metab__HMDB0001414_e,0.5625198744717174
Metab__HMDB0001508_c,-0.020766033643118832
Metab__HMDB0001521_c,-2.2459127328541952
Metab__HMDB0001546_c,-0.39383364839471535
Metab__HMDB0001565_c,-0.282011060964388
Metab__HMDB0001846_c,-0.6921328515769744
Metab__HMDB0001846_m,-1.1155486657839613
Metab__HMDB0002757_c,0.2793416136429758
Metab__HMDB0002818_c,1.6711405771737597
Metab__HMDB0003052_c,0.20109500961448065
Metab__HMDB0003125_c,-1.577880313818105
Metab__HMDB0003971_c,-0.5065714955678656
Metab__HMDB0003974_c,-0.8196757690569874
Metab__HMDB0003974_m,-1.2146298319929145
Metab__HMDB0004045_c,-1.018059123243672
Metab__HMDB0006532_c,-3.02663627925469
Metab__HMDB0028848_c,0.024111479846183018
Metab__HMDB0028929_c,0.1869780392330474
Metab__HMDB0060173_c,0.0033291068309695706
Metab__HMDB0060244_c,0.13178241533116739
Metab__HMDB0062624_c,-2.552361267929682
Metab__HMDB0062625_c,-2.53141845600139
Metab__HMDB0062755_c,0.4995492966564886
Metab__M00213_c,1.428714243325281
Metab__M01389_c,-0.9109799377850514
Metab__Ndmelys_c,1.3901594398558454
Metab__Ntmelys_c,2.9977926861783435
Metab__alaargcys_c,0.3967163978942774
Metab__alaarggly_c,1.170317690729779
Metab__alaasnleu_c,0.9998806707918921
Metab__alaglylys_c,0.3940249112220799
Metab__alalysthr_c,0.7346271083394416
Metab__argalaphe_c,1.9605819605828203
Metab__argalathr_c,1.73711412129865
Metab__argcysgly_c,-0.47710072091251615
Metab__argcysser_c,-0.06929914808847108
Metab__argglupro_c,2.174382348063486
Metab__argvalcys_c,0.013349323113775883
Metab__asncyscys_c,-0.07656542297789212
Metab__asnmetpro_c,1.2196492094061182
Metab__asnpheasp_c,0.22163232126273957
Metab__asnphecys_c,-0.646028414667512
Metab__asntyrgly_c,-0.05874820199088898
Metab__asntyrphe_c,0.5962112154862519
Metab__asntyrthr_c,0.4634601000199449
Metab__aspalaarg_c,1.4422971363714203
Metab__aspasnglu_c,-0.05582897399673925
Metab__aspglu_c,-0.05134396771719341
Metab__aspglupro_c,0.643445831463013
Metab__aspglutrp_c,0.14211803523269934
Metab__asphiscys_c,-1.2544550083506132
Metab__asplysglu_c,-0.0074239950987848415
Metab__aspvalasn_c,0.1009263703661874
Metab__cysasnmet_c,-0.773337185861738
Metab__cysaspphe_c,-1.5137610125037226
Metab__cysglnmet_c,-0.1405666633151557
Metab__cysgluhis_c,-0.8121861281081959
Metab__cysglutrp_c,-0.7804295284918695
Metab__cysleuthr_c,-0.6906315798115946
Metab__cyssermet_c,-0.30125752801545064
Metab__cystyrasn_c,-0.8788784678531025
Metab__f1p_c,0.8695552563607494
Metab__glnasngln_c,-0.079429596809769007
Metab__glnproglu_c,1.0705883201535613
Metab__glntrpglu_c,0.5059259689065096
Metab__gluargleu_c,1.7205503840959382
Metab__gluasnleu_c,0.7733189780745815
Metab__gluilelys_c,0.2966755646066581
Metab__gluleu_c,0.8612905925234731
Metab__glumet_c,0.7094721768812631
Metab__glumethis_c,0.875830258968672
Metab__gluthr_c,0.4065307559730009
Metab__gluthrlys_c,0.2785462612106394
Metab__glutrpala_c,0.8516302449009763
Metab__glyhisasn_c,-0.14970732222858554
Metab__glyhislys_c,-0.2061193418130443
Metab__glylyscys_c,-1.8422047946890092
Metab__glylysphe_c,0.043732734674618766
Metab__glysar_c,-0.7345846132699971
Metab__glytyrlys_c,-0.2853862909702927
Metab__glyvalhis_c,0.05147350237672216
Metab__hisargcys_c,0.11476157147104313
Metab__hisargser_c,1.7736905281002484
Metab__hisglnala_c,1.3727171139485217
Metab__hisglu_c,0.3927799850870129
Metab__hisglugln_c,0.5014837415558239
Metab__hisglylys_c,-0.17769334050717628
Metab__hislysala_c,0.8315543240626677
Metab__hislysglu_c,0.40627985812405326
Metab__ileasnhis_c,0.4584110740629878
Metab__ileglnglu_c,0.419766059689402
Metab__ileglyarg_c,0.6394977118566133
Metab__ileserarg_c,1.2712643544602622
Metab__leualaarg_c,2.3173833778996733
Metab__leuasnasp_c,0.23649783488917986
Metab__leusertrp_c,0.8386476826982103
Metab__lyscyshis_c,-1.2771358727656206
Metab__metasntyr_c,1.1246995635781356
Metab__metglyarg_c,1.7181323255520211
Metab__mlthf_c,0.002072959396016242
Metab__mlthf_m,0.3388745982623616
Metab__pheasnmet_c,0.872127981273582
Metab__phelysala_c,1.059986251499324
Metab__phepheasn_c,-0.12544986468400587
Metab__phesertrp_c,0.9568681542584605
Metab__proargcys_c,0.5241279804120315
Metab__proasncys_c,-0.6214506703165918
Metab__procys_c,-0.7293240167193855
Metab__proglulys_c,0.991347700807837
Metab__progly_c,0.5163367022105839
Metab__ps_hs_c,0.25690654648005
Metab__serargala_c,1.8977235234841097
Metab__serargtrp_c,1.5436563110077268
Metab__sercysarg_c,0.13181234122544153
Metab__serglyglu_c,0.14502256509481168
Metab__serlyshis_c,0.6765491724731393
Metab__serphelys_c,1.0946830722913257
Metab__sertrphis_c,0.7131420819424391
Metab__thrasntyr_c,0.5248857223735921
Metab__thrglnglu_c,0.5660253885776223
Metab__thrserarg_c,1.2446034774685324
Metab__trpalapro_c,1.6625189368455564
Metab__trpargala_c,1.8221672827241846
Metab__trpglugly_c,0.061545160410397114
Metab__trpgluleu_c,0.831418703969219
Metab__trpglupro_c,1.0544816916357367
Metab__trpglutyr_c,0.624398718854629
Metab__trpglyasp_c,-0.5141745402294446
Metab__trpglyleu_c,0.12638617462008625
Metab__trpglyphe_c,0.17452514074874867
Metab__trpglyval_c,0.045861597295420296
Metab__trpprogly_c,0.02470225578812714
Metab__trpsertyr_c,0.5719871189791697
Metab__trpthrglu_c,0.4224618918530109
Metab__tyrala_c,1.0719960800344763
Metab__tyralaphe_c,1.1683021898459343
Metab__tyrargglu_c,1.3286485175719114
Metab__tyrargser_c,1.641964939799806
Metab__tyrcysgly_c,-1.3168622845512243
Metab__tyrcysthr_c,-0.8008445473491256
Metab__tyrglu_c,0.371714888483794
Metab__valarggly_c,1.042807478248154
Metab__valhisasn_c,0.32598684752463775
Metab__valserarg_c,1.2922983279739333
ODC1,0.5349375218496158
PKM,0.05786911311593721
PRDX6,-0.11111841938388889
SETD2,0.8296075684022991
SHMT1,-0.8794956947970466
SHMT2,-0.4285742188826699
SLC2A1,-3.56438896597713
SRM,-2.5702115304872706
ATF4,0.299996633371209
CDK1,0.8658448705440912
CDK4,0.014178076643354591
CEBPB,-0.757253209733495
CSNK2A1,1.0191261119179973
CTCF,-1.212977572738411
DDIT3,-0.299996633371209
Gene1010__SLC2A1_reverse,-3.257051018628869
Gene1014__LDHA_reverse,-1.91735138432608
Gene1045__MTHFD2_reverse,0.2049291257810669
Gene10517__SMPD4,-0.15663993441036228
Gene106__AMD1,-2.193243074796432
Gene1092__DTYMK,0.8430486032248263
Gene1102__orphanReacNH4tn_reverse,-0.4910110976353344
Gene1103__orphanReacNH4tp_reverse,-0.4910110976353344
Gene12700002__orphanReacSLC_complex_3,-0.9017354196922301
Gene12800003__SLC1A5,1.065851186746727
Gene134100002__SLC1A5,-0.13168589744333115
Gene134200001__orphanReacSLC_complex_3,-0.9017354196922301
Gene1416__orphanReacTHFtm,-1.145949425003067
Gene1416__orphanReacTHFtm_reverse,-0.5902788460530423
Gene142300002__SLC1A5,-6.092623876755926
Gene142500001__orphanReacSLC_complex_3,-0.9017354196922301
Gene142600002__SLC1A5,1.065851186746727
Gene1484__CMPK1,0.07305043963184833
Gene1484__CMPK1_reverse,-2.877784125833751
Gene1486__CMPK1,-0.2838638127001473
Gene1486__CMPK1_reverse,-2.877784125833751
Gene1496__orphanReacUTPtn_reverse,0.2643844568674107
Gene1559__DHFR,-0.5902788460530423
Gene1563__GMPR2,0.1252628070633244
Gene1583__ALDOA_reverse,-0.6487595741225824
Gene1587__IDH1,-1.0838497679828567
Gene1587__IDH1_reverse,-0.6130313595757979
Gene1587__IDH2,-1.0838497679828567
Gene1587__IDH2_reverse,-0.6130313595757979
Gene1622__GLA,-2.220885479705254
Gene1683__orphanReacr0899,0.23876744000636546
Gene16900003__SLC1A5,-6.092623876755926
Gene1697__orphanReacSPMDtex2,-3.2597337239902604
Gene172900001__orphanReacr1148,-0.9685965147839651
Gene172900002__orphanReacr1148,-0.8034879741237643
Gene1755__ADH5,-2.117498996039185
Gene1755__ADH5_reverse,-1.8572260566822187
Gene1757__GGH,-0.5902788460530423
Gene1776__orphanReacr1468_reverse,-2.647717668591359
Gene2346__PKM,0.6877905083676812
Gene253__orphanReacCHOLtn_reverse,0.3146625679103769
Gene254__orphanReacCHOLtr,0.3146625679103769
Gene2693__orphanReacSLC_complex_9_TRANSPORTER1,2.353664858020623
Gene2782__orphanReac5MTAte_reverse,-0.8140255843141807
Gene2807__orphanReacSFCYSc,-1.5647040887167185
Gene2970__orphanReacC05953t_TRANSPORTER3_reverse,0.85113993029623
Gene2972__orphanReacC06439t_TRANSPORTER3_reverse,0.85113993029623
Gene2978__orphanReac2OXOADPt_TRANSPORTER3_reverse,-0.8145766615753518
Gene30600002__SLC1A5,2.353664858020623
Gene30700002__SLC1A5,-0.13168589744333115
Gene30800001__orphanReacSLC_complex_3,-6.092623876755926
Gene30800001__orphanReacSLC_complex_5,-6.092623876755926
Gene31000003__SLC1A5,1.065851186746727
Gene320__CMPK1,-0.10575046580561007
Gene320__CMPK1_reverse,0.2643844568674107
Gene328__CMPK1,-0.16782606036245576
Gene330__CMPK1,-0.07669744196836104
Gene3418__orphanReacGLYLYSPHEr_reverse,-0.0981907938183756
Gene3422__orphanReacALAARGCYSr_reverse,0.42981208181077757
Gene3423__orphanReacGLYTYRLYSr_reverse,-0.19864822213085587
Gene3424__orphanReacGLYVALHISr_reverse,0.0760691932166599
Gene3425__orphanReacHISGLUr_reverse,0.30080456357041624
Gene3426__orphanReacHISGLUGLNr_reverse,0.4674801174813733
Gene3428__orphanReacALAARGGLYr_reverse,0.9477269489736161
Gene3429__orphanReacALAASNLEUr_reverse,0.8137489503074042
Gene3430__orphanReacALAGLYLYSr_reverse,0.43178932473417586
Gene3433__orphanReacARGALATHRr_reverse,1.4232695191567601
Gene3440__orphanReacILEGLNGLUr_reverse,0.3638688192672739
Gene3441__orphanReacILEGLYARGr_reverse,0.4655510480357341
Gene3454__orphanReacARGVALCYSr_reverse,-0.03334504276764254
Gene3457__orphanReacASPALAARGr_reverse,1.175592255188138
Gene3458__orphanReacLEUSERTRPr_reverse,0.7266854887883114
Gene3460__orphanReacLYSCYSHISr_reverse,-1.0892965747186873
Gene3462__orphanReacASPGLUPROr_reverse,0.4376443801366433
Gene3463__orphanReacASPGLUTRPr_reverse,0.1230349009281526
Gene3466__orphanReacMETASNTYRr_reverse,1.2053186522763302
Gene3468__orphanReacASPHISCYSr_reverse,-0.9476416266623089
Gene3470__orphanReacASPLYSGLUr_reverse,-0.02290168907843274
Gene3473__orphanReacASPVALASNr_reverse,0.16415946670072507
Gene3474__orphanReacCYSASNMETr_reverse,-0.45852828114909683
Gene3478__orphanReacPHELYSALAr_reverse,0.7427190818723232
Gene3480__orphanReacCYSASPPHEr_reverse,-1.3089559729267557
Gene3483__orphanReacCYSGLUTRPr_reverse,-0.8516967868538088
Gene3484__orphanReacCYSLEUTHRr_reverse,-0.6922256457237235
Gene3485__orphanReacCYSSERMETr_reverse,-0.27342482109045024
Gene3488__orphanReacPHESERTRPr_reverse,0.7821372249166023
Gene3489__orphanReacPROARGCYSr_reverse,0.3766042836260361
Gene3490__orphanReacCYSTYRASNr_reverse,-0.5499340681861958
Gene3491__orphanReacGLNASNGLNr_reverse,-0.0836465048327191
Gene3499__orphanReacGLUASNLEUr_reverse,0.7191511291514744
Gene3501__orphanReacGLUILELYSr_reverse,0.19964768488964016
Gene3502__orphanReacGLULEUr_reverse,0.9327260673264182
Gene3503__orphanReacGLUMETr_reverse,0.5537567278656658
Gene3504__orphanReacGLUTHRLYSr_reverse,0.364864992946716
Gene3520__orphanReacSERCYSARGr_reverse,0.08714968994489106
Gene3521__orphanReacSERGLYGLUr_reverse,0.15950139598677981
Gene3522__orphanReacSERLYSHISr_reverse,0.6108744556440255
Gene3523__orphanReacSERTRPHISr_reverse,0.7272068294489162
Gene3524__orphanReacTHRASNTYRr_reverse,0.4366597777823252
Gene3538__orphanReacTRPALAPROr_reverse,1.3579826191428601
Gene3539__orphanReacTRPGLUTYRr_reverse,0.501206237640229
Gene3540__orphanReacTRPGLYVALr_reverse,0.042084273469303164
Gene3549__orphanReacTRPSERTYRr_reverse,0.45996170283131843
Gene3555__orphanReacFldAct,0.008927693257247153
Gene3556__orphanReacTYRALAr_reverse,0.8799406981618638
Gene3557__orphanReacTYRARGSERr_reverse,1.3015639732788509
Gene3558__orphanReacTYRCYSTHRr_reverse,-0.5843416976762432
Gene3559__orphanReacTYRGLUr_reverse,0.21958113945686317
Gene3572__orphanReacTRPGLYASPr_reverse,-0.2569647189284473
Gene3616__orphanReacHCYSte_reverse,-2.2331956078039874
Gene3666__DHFR,-0.5902788460530423
Gene3684__CNDP2_reverse,0.26232487240535846
Gene3686__PEPD_reverse,0.42325606183049413
Gene3711__IMPDH2,0.5296164510168458
Gene3732__PGAM1_reverse,0.11592347851783201
Gene3738__orphanReacURIDK2r,-1.7501623294489654
Gene3738__orphanReacURIDK2r_reverse,0.8430486032248263
Gene3753__IDH1,-0.3269792532954336
Gene3753__IDH1_reverse,-0.8034879741237643
Gene3753__IDH2,-0.3269792532954336
Gene3753__IDH2_reverse,-0.8034879741237643
Gene3777__TALDO1_reverse,-1.0242906730529802
Gene3787__orphanReacNH4t,-0.4910110976353344
Gene3795__TPI1,-0.6093345398306276
Gene3805__ATIC,-0.5902788460530423
Gene3813__MDH1,-0.7194957701667744
Gene3833__PKM,0.9208405096947296
Gene3858__ATIC_reverse,0.6237974058957845
Gene4213__orphanReacNH4tr_reverse,-0.4910110976353344
Gene443__orphanReacDUDPtn_reverse,-1.7501623294489654
Gene446__TK1,0.8430486032248263
Gene4481__PRDX6,-1.4673919632046084
Gene4506__SCD,-2.647717668591359
Gene4784__UCK2,-2.877784125833751
Gene4822__GPI_reverse,-0.9340642664462527
Gene4823__GPI,-0.33795674837576745
Gene4823__GPI_reverse,-0.9340642664462527
Gene4834__ALDOA_reverse,0.7023045174468452
Gene5475__orphanReac3SPYRSPm,0.6963282781047434
Gene5537__ACLY,-0.7194957701667744
Gene5578__orphanReacAHCYStr,0.32260980337670797
Gene5581__orphanReacAKGtp,-0.9685965147839651
Gene558500003__SLC1A5,-0.13168589744333115
Gene558600003__SLC1A5,-6.092623876755926
Gene558800002__orphanReacSLC_complex_3,-0.9017354196922301
Gene5594__ADH5,0.1306146236666026
Gene563000002__SLC1A5,2.353664858020623
Gene563100003__SLC1A5,1.065851186746727
Gene5704__orphanReacCHLtm_reverse,0.3146625679103769
Gene5710__orphanReacCHOLtg,0.3146625679103769
Gene5769__CMPK1,-0.30642682619846323
Gene5771__CMPK1,-0.25265483459659677
Gene5773__CMPK1,-0.01525634651831591
Gene5778__CMPK1,-0.19688402321492635
Gene5779__CMPK1,-0.19688402321492635
Gene5797__orphanReacDDPGAm,0.6963282781047434
Gene5801__SCD,-2.647717668591359
Gene5890__PGAM1_reverse,-1.130938518658746
Gene5896__orphanReacDTTPtn_reverse,0.05675331496585981
Gene5897__orphanReacDUMPtn_reverse,0.8430486032248263
Gene629__ACSL3,-2.630556028836631
Gene6325__FASN,-2.630556028836631
Gene645300001__orphanReacSLC_complex_9,2.353664858020623
Gene6460__TPP1_reverse,-0.6898064076258338
Gene6521__orphanReacLEUGLYHYc_reverse,0.23360002639498775
Gene6535__orphanReacPTRCtex2,0.4028258468220725
Gene657__ADH5,-2.117498996039185
Gene6644__PEPD_reverse,0.4225094471673833
Gene6707__orphanReacAHCYSte_reverse,0.30634596800350067
Gene6741__orphanReac2PGtr,0.11592347851783201
Gene6747__orphanReacICITtr,-0.8034879741237643
Gene6759__orphanReacXMPtr,0.5296164510168458
Gene6760__orphanReacXTSNtr_reverse,-0.4643300747645038
Gene6791__orphanReacGLYC_Rt,1.227947027709425
Gene7057__orphanReacALALYSTHRr_reverse,0.7499523139064583
Gene7058__orphanReacARGALAPHEr_reverse,1.6168800525442637
Gene7060__orphanReacARGCYSGLYr_reverse,-0.2550859027927622
Gene7061__orphanReacARGCYSSERr_reverse,-0.07651786811937947
Gene7063__orphanReacARGGLUPROr_reverse,2.0623912406970164
Gene7073__orphanReacGLYPROt_reverse,0.42325606183049413
Gene7074__orphanReacPROGLyt_reverse,0.4225094471673833
Gene7092__orphanReacASNCYSCYSr_reverse,0.04922459310446068
Gene7093__orphanReacASNMETPROr_reverse,0.8864013048873693
Gene7094__orphanReacASNPHEASPr_reverse,0.13552003075104652
Gene7095__orphanReacASNPHECYSr_reverse,-0.17822332975912386
Gene7096__orphanReacASNTYRGLYr_reverse,-0.20513151302767346
Gene7097__orphanReacASNTYRPHEr_reverse,0.5554433376965641
Gene7098__orphanReacASNTYRTHRr_reverse,0.49318030148509956
Gene7099__orphanReacASPASNGLUr_reverse,-0.001132513597183506
Gene7100__orphanReacASPGLUr_reverse,0.19777848603994064
Gene7102__orphanReacCYSGLNMETr_reverse,-0.2106778878636088
Gene7103__orphanReacCYSGLUHISr_reverse,-0.6353453912962147
Gene7106__orphanReacGLNPROGLUr_reverse,0.9684760986308499
Gene7107__orphanReacGLNTRPGLUr_reverse,0.5365340108855884
Gene7109__orphanReacGLUARGLEUr_reverse,1.4951613071315926
Gene7110__orphanReacGLUMETHISr_reverse,0.6803858682969575
Gene7111__orphanReacGLUTHRr_reverse,0.2350644089257565
Gene7112__orphanReacGLUTRPALAr_reverse,0.7308840864636424
Gene7113__orphanReacGLYHISASNr_reverse,0.10255730864799543
Gene7155__orphanReacMALOAAtm_TRANSPORTER1,-1.3163701262806533
Gene7155__orphanReacMALOAAtm_TRANSPORTER4_reverse,-0.7194957701667744
Gene7182__orphanReacMLTHFtm,0.2049291257810669
Gene7182__orphanReacMLTHFtm_reverse,0.008927693257247153
Gene7225__ENO1_reverse,0.11592347851783201
Gene7269__orphanReacGLYHISLYSr_reverse,-0.3060994672955875
Gene7270__orphanReacGLYLYSCYSr_reverse,-1.7651728619714808
Gene7276__ALDOA,-0.6093345398306276
Gene7283__GPI,-0.33795674837576745
Gene7284__MIA3,-1.130938518658746
Gene7284__PGK1,-1.130938518658746
Gene7286__orphanReacHISARGCYSr_reverse,0.1821361336568869
Gene7287__orphanReacHISARGSERr_reverse,1.5220043337096179
Gene7290__orphanReacHISGLNALAr_reverse,1.04402184310262
Gene7291__orphanReacHISGLYLYSr_reverse,-0.3101247346766501
Gene7292__orphanReacHISLYSALAr_reverse,0.8552967189340203
Gene7293__orphanReacHISLYSGLUr_reverse,0.35591000727444166
Gene7297__orphanReacILEASNHISr_reverse,0.3828401737259603
Gene7299__orphanReacILESERARGr_reverse,1.0797531407045344
Gene7307__orphanReacLEUALAARGr_reverse,1.9796778141601794
Gene7308__orphanReacLEUASNASPr_reverse,0.2405668503283696
Gene7330__orphanReacMETGLYARGr_reverse,1.3829369211658733
Gene7334__orphanReacPHEASNMETr_reverse,0.7581399102351405
Gene7338__LDHA,0.9208405096947296
Gene7340__GLO1,-1.876528430895082
Gene7341__orphanReacPHEPHEASNr_reverse,-0.018335545980630624
Gene7359__orphanReacPROASNCYSr_reverse,-0.4392935994426491
Gene7360__orphanReacPROCYSr_reverse,-0.6651346862794201
Gene7361__orphanReacPROGLULYSr_reverse,0.7957554003708691
Gene7363__orphanReacSERARGALAr_reverse,1.6636769657314847
Gene7364__orphanReacSERARGTRPr_reverse,1.157144546371811
Gene7365__orphanReacSERPHELYSr_reverse,0.9425887930107519
Gene7367__orphanReacTHRGLNGLUr_reverse,0.4303851916998465
Gene7370__orphanReacTHRSERARGr_reverse,1.1270100214865364
Gene7372__orphanReacTRPARGALAr_reverse,1.4606508744953435
Gene7376__DCTD,0.23287411451766166
Gene7387__orphanReacTRPGLUGLYr_reverse,0.021971715854315226
Gene7388__orphanReacTRPGLULEUr_reverse,0.7455891134337689
Gene7389__orphanReacTRPGLUPROr_reverse,0.7264536688085624
Gene7390__orphanReacTRPGLYLEUr,0.1373280602763824
Gene7391__orphanReacTRPGLYPHEr,0.3200712917064711
Gene7395__orphanReacTRPPROGLYr,-0.012817561597195312
Gene7397__orphanReacTRPTHRGLUr_reverse,0.43176322645169646
Gene7401__orphanReacTYRALAPHEr_reverse,1.0857939159321595
Gene7421__orphanReacTYRARGGLUr_reverse,1.1551395392039077
Gene7423__orphanReacTYRCYSGLYr_reverse,-1.291740372106435
Gene7428__orphanReacVALARGGLYr_reverse,0.8512647263936306
Gene7429__orphanReacVALHISASNr_reverse,0.3875203365279988
Gene7432__orphanReacVALSERARGr_reverse,1.3766308440274166
Gene7536__ALDOA_reverse,0.9541475218525881
Gene7546__GAPDH,-1.130938518658746
Gene7546__GAPDH_reverse,-0.6093345398306276
Gene7550__orphanReacGLYPHEHYc_reverse,0.04981850788738033
Gene7580__MTHFD1_reverse,0.008927693257247153
Gene7651__CMPK1,-0.10575046580561007
Gene7709__MTHFD2_reverse,0.008927693257247153
Gene790__GART,-0.5902788460530423
Gene803__GGH,0.25361413984274106
Gene805__GGH,0.25361413984274106
Gene8253__orphanReacICITt_x,-0.8034879741237643
Gene825__orphanReacGLCter_reverse,-2.027480726107365
Gene82800002__SLC1A5,2.353664858020623
Gene82900002__SLC1A5,-0.13168589744333115
Gene83000002__SLC1A5,-6.092623876755926
Gene8418__ODC1,0.4028258468220725
Gene849__orphanReacGMPtg,0.7061069892699783
Gene850__orphanReacGMPtn,1.0257039826896401
Gene8887__orphanReacGLYitr_reverse,-0.5869055033688273
Gene9012__GGH,0.25361413984274106
Gene9019__GGH,0.25361413984274106
Gene9021__GGH,0.25361413984274106
Gene9022__GGH,0.25361413984274106
Gene9047__SLC2A1,-2.027480726107365
Gene9049__SLC2A1_reverse,-2.027480726107365
Gene905400003__SLC1A5,1.065851186746727
Gene9067__orphanReacGLUtr,0.2719555404581737
Gene9078__orphanReacGLYtp,-0.9976766730245592
Gene9093__orphanReacGTHRDtr,-1.2935141675528563
Gene9099__orphanReacH2O2tly_reverse,-1.4673919632046084
Gene9101__orphanReacH2O2tp_reverse,-1.4673919632046084
Gene9155__IDH2_reverse,-0.6130313595757979
Gene9172__LDHA,0.6963282781047434
Gene9216__MDH1,-1.3163701262806533
Gene9216__MDH2,-1.3163701262806533
Gene9237__MTHFD1_reverse,0.2049291257810669
Gene9237__MTHFD2_reverse,0.2049291257810669
Gene9317__ITPA,0.6237974058957845
Gene931__IDH1,-0.9685965147839651
Gene9439__PTDSS1,0.35004029290199595
Gene9441__orphanReacPSt3,0.20926807027542033
Gene951500002__SLC1A5,2.353664858020623
Gene951600002__SLC1A5,-6.092623876755926
Gene951800001__orphanReacSLC_complex_3,-0.9017354196922301
Gene9525__orphanReacSERtp,0.2103261529662532
Gene9584__orphanReacTHFtl_reverse,-0.5902788460530423
Gene958800002__SLC1A5,2.353664858020623
Gene958900002__SLC1A5,-0.13168589744333115
Gene961__ADH5,-1.876528430895082
Gene9626__CMPK1,-0.16782606036245576
Gene9626__CMPK1_reverse,-2.877784125833751
Gene9630__CMPK1,-0.10575046580561007
Gene9630__CMPK1_reverse,-2.877784125833751
Gene9635__UCK2,-2.877784125833751
Gene9684__IDH1,-0.9685965147839651
Gene9684__IDH2,-0.9685965147839651
Gene9693__orphanReacr0809_TRANSPORTER1,0.10067525941625166
Gene9694__LDHA_reverse,0.1307980663840935
Gene9699__ALAS1,-0.9881599862548158
Gene9703__DHFR,-1.145949425003067
Gene9730__IDH1,-1.0838497679828567
Gene9730__IDH2,-1.0838497679828567
Gene9746__SCD,-2.647717668591359
Gene9748__ALAS1_reverse,-0.9881599862548158
Gene9812__orphanReacr0818,0.8430486032248263
Gene9817__orphanReacNH4tm,0.29122147144998023
Gene9817__orphanReacNH4tm_reverse,-0.4910110976353344
Gene9863__UCK2,-3.333797922185941
Gene9884__orphanReacr1377,-1.8572260566822187
MAPK1,0.07892225445285563
MAX,0.4454429738826437
MYC,-2.4780742001621077
Metab__HMDB0000042_c,0.4454429738826437
Metab__HMDB0000142_c,-0.4454429738826437
Metab__HMDB0000990_c,-0.4454429738826437
Metab__HMDB0001256_c,-0.4454429738826437
Metab__HMDB0001426_c,0.4454429738826437
NFE2L2,-0.510240223722422
PDPK1,1.212977572738411
PRKDC,-0.6680594673276875
SKP2,1.3108535952527092
SP1,0.4458835226878455
SREBF1,0.014178076643354591
TXN,0.7574377068619443
YY1,0.4158850245652672
ACLY,-0.427054936200799
APEX1,0.7403769695715945
ARAF,0.1179525603862152
AURKB,0.3385607773444098
BRD4,1.7410264546289025
CCNA2,1.0947014745537498
CREBBP,0.9642517968995611
DHFR,-0.5615865827836549
E2F4,1.7410264546289025
EIF2A,0.2731859713024532
EIF2AK2,-0.8648964236938224
ELAVL1,1.7410264546289025
EP300,1.595956710946499
FASN,-1.564107129758394
FOXM1,-1.7410264546289025
GAPDH,-0.5916431540690477
GART,-0.592300446633907
GGH,0.7367724633632039
GSK3B,-0.01953034371697459
Gene10538__orphanReacACtp_reverse,0.43254720702436517
Gene133__AKR1A1,-0.149797009534737
Gene136__ALDH9A1,0.43254720702436517
Gene2961__orphanReacACLYSHYc,0.43254720702436517
Gene3806__ALDH9A1,0.43254720702436517
Gene5520__orphanReacACALDtm,-0.149797009534737
Gene5554__orphanReacACtg_reverse,0.43254720702436517
Gene71__orphanReacACALDtr,-0.149797009534737
Gene72__orphanReacACALDtx,-0.149797009534737
Gene7379__orphanReacACALDt,-0.149797009534737
Gene9432__PRDX6,0.4728417375318889
HDAC1,1.3994032391961222
HDAC2,1.3994032391961222
HDAC3,1.3994032391961222
HDLBP,-0.8274103400491752
HSF1,-0.19241271928686118
HSPB1,0.5130158285145588
IMPDH2,0.557545048005163
IQGAP1,0.1179525603862152
MAP2K1,0.1179525603862152
MAPK14,0.049928681685329254
MTHFD1,0.34031594526852676
Metab__10fthf6glu_l,0.4122527126013067
Metab__3snpyr_m,0.6811896475317971
Metab__6dhf_l,0.343981543847966
Metab__6thf_l,0.2602309250908983
Metab__CE5253_c,-1.010549228137589
Metab__HC01444_e,-1.3868478379505298
Metab__HMDB0000051_e,-0.06550600061259669
Metab__HMDB0000051_n,-0.28089289553461894
Metab__HMDB0000051_r,-0.14975144617321412
Metab__HMDB0000051_x,-0.016717920854242403
Metab__HMDB0000082_c,0.12456190366097561
Metab__HMDB0000097_g,0.43163901876642835
Metab__HMDB0000097_m,0.4394615455584862
Metab__HMDB0000097_n,0.36371527591500236
Metab__HMDB0000097_r,0.5008849496031127
Metab__HMDB0000122_e,-2.0075397006693936
Metab__HMDB0000122_g,-1.1643692334773221
Metab__HMDB0000122_r,-0.9753734605829807
Metab__HMDB0000182_c,0.9922687448329622
Metab__HMDB0000189_c,0.647466798508608
Metab__HMDB0000193_e,-0.31983175007034687
Metab__HMDB0000193_x,-0.7970605289487108
Metab__HMDB0000240_c,-0.9582100050290516
Metab__HMDB0000243_x,0.3432816265991329
Metab__HMDB0000271_c,-0.3267283643946008
Metab__HMDB0000285_n,0.31685878653000094
Metab__HMDB0000362_e,0.15135110442252284
Metab__HMDB0000721_e,0.44754973796986797
Metab__HMDB0000972_c,-0.48142731714084397
Metab__HMDB0000998_c,0.04112938500596552
Metab__HMDB0001000_n,-1.0173388359560285
Metab__HMDB0001056_c,-0.25123287863275884
Metab__HMDB0001056_m,-0.6193631161335766
Metab__HMDB0001149_m,-0.44581314631991165
Metab__HMDB0001167_c,-1.1894498109242837
Metab__HMDB0001202_c,0.25727076409486255
Metab__HMDB0001220_c,0.1179525603862152
Metab__HMDB0001274_c,0.849683943385565
Metab__HMDB0001338_c,-3.5826043988255907
Metab__HMDB0001342_n,0.06988441738696348
Metab__HMDB0001409_m,0.8203253390081024
Metab__HMDB0001409_n,0.7958776820416107
Metab__HMDB0001440_c,-0.05345543198699047
Metab__HMDB0001473_c,0.480576570923198
Metab__HMDB0001517_c,-0.20259892469937016
Metab__HMDB0001532_c,0.3086301000555465
Metab__HMDB0001846_l,-0.37186713610489924
Metab__HMDB0002022_c,-0.592300446633907
Metab__HMDB0002070_m,0.6078946272642505
Metab__HMDB0003125_l,-0.8056859863254863
Metab__HMDB0003125_x,-0.7971695197346009
Metab__HMDB0003571_c,-1.564107129758394
Metab__HMDB0003974_x,-0.6199023433342673
Metab__HMDB0005896_c,0.1179525603862152
Metab__HMDB0006213_c,0.12048837934343677
Metab__HMDB0006458_c,-1.5257069368236398
Metab__HMDB0006532_m,-2.1397753026507313
Metab__HMDB0060180_c,-0.5343395123520199
Metab__HMDB0062623_c,0.19617924137874276
Metab__HMDB0062623_m,0.6434543657329215
Metab__HMDB0062708_c,0.747200598452584
Metab__HMDB0062755_e,0.5620384551869956
Metab__fdp_c,-0.2584041704271659
Metab__mercplac_c,-1.0164375153297014
Metab__progly_e,0.61656638289229
Metab__ps_hs_e,0.4456078075722242
Metab__sphmyln_hs_c,0.11195928218934417
PAK2,1.7410264546289025
PIN1,-1.6322208194506804
PPP1CA,-0.5298925150654722
PPP2CA,-0.6421397390942108
PPP2CB,1.3336136352470929
PRNP,1.036601719871129
RAC1,0.1179525603862152
RBL1,1.7410264546289025
RBX1,0.23793978687362913
RHOA,0.1179525603862152
SCD,-3.5826043988255907
SP3,0.5130158285145588
STAT1,1.7410264546289025
SUMO1,-0.8274103400491752
TCF3,-1.7410264546289025
TFDP1,0.8648964236938224
TK1,0.8489085889111133
TPI1,-0.6035019826212593
ARHGEF2,0.0399941389267326
AURKA,1.331703140845164
CALM1,0.020522407432603574
CDC20,-1.021868389191773
CDC42,1.4523802532087278
CHEK1,0.25911759357933856
CTBP1,-1.6315227127728202
DDX5,1.6633916899935604
DNAJB1,0.10163744037235087
FEN1,0.7198276599185328
G3BP1,-0.9696297970402645
Gene1014__LDHA,-1.3046862549405749
Gene1044__MTHFD2_reverse,0.6096554198129746
Gene1045__MTHFD2,0.6096554198129746
Gene1097__NME1_NME2,0.034523809005102664
Gene1097__NME2_NME1,0.034523809005102664
Gene1102__orphanReacNH4tn,-0.1936911903636732
Gene1103__orphanReacNH4tp,0.16530441920868172
Gene129__ALAS1,-0.2059397137075231
Gene141__AKR1A1,0.07833123804395184
Gene141__AKR7A2,0.07833123804395184
Gene1496__orphanReacUTPtn,0.5025252933233437
Gene14__orphanReac10FTHFtm_reverse,-0.4702040009195385
Gene1604__DHFR,-0.6117744306714099
Gene1622__GLA_reverse,-1.3363691530432746
Gene1764__orphanReacr1428_reverse,0.4612643799159406
Gene1776__orphanReacr1468,-2.447007310268451
Gene253__orphanReacCHOLtn,0.36630902164445955
Gene254__orphanReacCHOLtr_reverse,0.7614046377537169
Gene2784__orphanReacAICARte,-0.11881426271138654
Gene2852__orphanReac3PGtr,-0.42006836508548423
Gene303__orphanReacCTPtn_reverse,0.14400259219743808
Gene329__CMPK1_reverse,0.5025252933233437
Gene338__orphanReacDATPtn_reverse,0.24560947396223512
Gene345__orphanReacDCTPtn_reverse,0.14414024942324255
Gene364__orphanReacDHFtl_reverse,-0.09065907247752007
Gene3655__CTPS1,0.14400259219743808
Gene365__orphanReacDHFtm,-0.6117744306714099
Gene365__orphanReacDHFtm_reverse,-0.09065907247752007
Gene3666__DHFR_reverse,-0.09065907247752007
Gene3674__DTYMK,0.8912003267739484
Gene3732__PGAM1,-0.42006836508548423
Gene3787__orphanReacNH4t_reverse,-0.10748589940430582
Gene3795__TPI1_reverse,0.4612643799159406
Gene3800__ACYP1,-0.42006836508548423
Gene3805__ATIC_reverse,-0.4030895186834158
Gene3828__PFKP,-0.32531125866854255
Gene3837__TYMS,-0.09065907247752007
Gene3858__ATIC,0.9415171757353226
Gene4152__orphanReacFDPte_reverse,-0.32531125866854255
Gene4213__orphanReacNH4tr,-0.20394921377076777
Gene4249__ACSL3,-1.608463431194271
Gene440__PGAM1,-0.42006836508548423
Gene442__orphanReacDTDPtn_reverse,0.8912003267739484
Gene443__orphanReacDUDPtn,-0.7305999400953234
Gene4481__PRDX6_reverse,-1.0738158103718796
Gene4482__PRDX6,-0.7680549704909279
Gene448__DUT,0.8595256654428833
Gene5437__orphanReac10FTHFtl_reverse,-0.4702040009195385
Gene5486__orphanReac5AOPtm,-0.2059397137075231
Gene5595__ADH5,-1.245967991282088
Gene5704__orphanReacCHLtm,0.49593430404102695
Gene5710__orphanReacCHOLtg_reverse,0.41615644429868487
Gene5771__CMPK1_reverse,0.040095479685884
Gene5773__CMPK1_reverse,0.36394550765443295
Gene5774__CMPK1_reverse,0.5025252933233437
Gene5778__CMPK1_reverse,0.28619214880241084
Gene5797__orphanReacDDPGAm_reverse,0.5471076609032068
Gene5814__orphanReacDGTPtn_reverse,-0.15073662524588358
Gene5896__orphanReacDTTPtn,0.034523809005102664
Gene5897__orphanReacDUMPtn,0.8058604578634049
Gene5900__DUT,0.8058604578634049
Gene6133__NME1,0.034523809005102664
Gene6133__NME2,0.034523809005102664
Gene6285__FASN,-1.608463431194271
Gene6741__orphanReac2PGtr_reverse,0.18363609148325286
Gene6745__orphanReacDCMPtr,0.24586817945685452
Gene6746__orphanReacDHAPtr,0.4612643799159406
Gene6747__orphanReacICITtr_reverse,-0.35913887694809027
Gene6759__orphanReacXMPtr_reverse,0.6268130151006406
Gene685__FASN,-4.715066619558614
Gene7073__orphanReacGLYPROt,0.5228271058683276
Gene7074__orphanReacPROGLyt,0.6548930055701782
Gene7276__ALDOA_reverse,-0.32531125866854255
Gene7284__MIA3_reverse,-0.42006836508548423
Gene7284__PGK1_reverse,-0.42006836508548423
Gene7345__ALDOA,0.4612643799159406
Gene7376__DCTD_reverse,0.24586817945685452
Gene7378__MTHFD1,-0.4702040009195385
Gene7488__orphanReacPROSTGE2t2r,4.6792793167376123e-4
Gene7489__orphanReacPROSTGE2t2m,4.6792793167376123e-4
Gene7579__MTHFD1,-0.4702040009195385
Gene7579__MTHFD1_reverse,0.17202497621439064
Gene7580__MTHFD1,0.17202497621439064
Gene7651__CMPK1_reverse,0.24586817945685452
Gene7709__MTHFD2,0.17202497621439064
Gene7844__PTGES3,4.6792793167376123e-4
Gene790__GART_reverse,-0.7561850627008229
Gene804__GGH,-0.47957836559348727
Gene8253__orphanReacICITt_x_reverse,-0.8151352990306512
Gene825__orphanReacGLCter,-1.0467069158113858
Gene844__orphanReacGLYOp,-0.3207582125307461
Gene8777__orphanReacDCMPtm,0.24586817945685452
Gene8928__DHFR,-0.09065907247752007
Gene9039__orphanReacGLCMter,-1.8561825599884367
Gene9047__SLC2A1_reverse,-1.8561825599884367
Gene9049__SLC2A1,-1.5646394070510767
Gene9099__orphanReacH2O2tly,-0.7680549704909279
Gene9101__orphanReacH2O2tp,-0.6521636644995541
Gene9237__MTHFD1,0.6096554198129746
Gene9237__MTHFD2,0.6096554198129746
Gene9279__DCTPP1,0.24586817945685452
Gene9290__NME1_NME2_reverse,-0.7305999400953234
Gene9290__NME2_NME1_reverse,-0.7305999400953234
Gene9425__orphanReacPMTCOAtx_reverse,-4.715066619558614
Gene9431__GART,-0.564785172370487
Gene9441__orphanReacPSt3_reverse,0.40540226584724637
Gene949__orphanReacITPtn_reverse,0.4985507817636539
Gene9543__orphanReacSPHMYLNtl_reverse,0.29588688145532943
Gene9584__orphanReacTHFtl,-0.47957836559348727
Gene9634__DTYMK_reverse,0.8595256654428833
Gene9694__LDHA,0.25942481824269453
Gene9731__IDH1,-0.533709929106529
Gene9731__IDH1_reverse,-0.8151352990306512
Gene9731__IDH2,-0.533709929106529
Gene9731__IDH2_reverse,-0.8151352990306512
Gene9747__DHFR_reverse,-0.09065907247752007
Gene9748__ALAS1,-0.2059397137075231
Gene9834__orphanReacr0973,-4.715066619558614
HSPA5,1.0461715980801571
KCTD10,-0.0399941389267326
KHDRBS1,-1.0268305637763833
MAPKAPK3,0.5983175732665318
MAPKAPK5,0.5983175732665318
Metab__HMDB0000042_g,0.5714203871026177
Metab__HMDB0000042_x,0.4019497750666749
Metab__HMDB0000990_e,-0.06633921381893688
Metab__HMDB0000990_m,-0.28574964097523076
Metab__HMDB0000990_r,-0.09528577470809033
Metab__HMDB0000990_x,-0.18021084692313546
Metab__HMDB0001875_c,0.49122761704059154
Metab__aclys_c,0.3900245887713229
NPM1,0.9696297970402645
PARP1,-0.25911759357933856
PIAS1,-0.00804963569159306
PPP1R8,0.6184629155079095
PPP2R1A,0.6495935870263885
PPP2R2A,0.6337776739111699
RAF1,-0.5654166097611147
RALBP1,-0.006696692739224344
SET,-0.6495935870263885
UBE2I,0.6132825494648197
YWHAB,-0.2930139610339781
YWHAE,-0.2930139610339781
YWHAG,-0.2930139610339781
YWHAH,-0.2930139610339781
YWHAQ,-0.2930139610339781
YWHAZ,-0.2930139610339781
BUB1,1.0753454705552528
CDC27,-0.7399757464977837
CSNK2B,0.5504824730262143
DDB1,-0.49512701623772
DUT,1.5684346704956516
G3BP2,-0.6202058283166065
GRB2,-1.4518833341466966
Gene10538__orphanReacACtp,0.5484196462513002
Gene2961__orphanReacACLYSHYc_reverse,0.5444200878282697
Gene5520__orphanReacACALDtm_reverse,-0.1878057020860884
Gene5554__orphanReacACtg,0.9486823233761175
Gene6683__orphanReacACLYSt_reverse,0.5444200878282697
Gene6684__orphanReacACLYStm,0.5444200878282697
Gene71__orphanReacACALDtr_reverse,0.21633874224742208
Gene72__orphanReacACALDtx_reverse,-0.020524524021131838
Gene7379__orphanReacACALDt_reverse,-0.043401120818691054
Gene7646__ADH5_reverse,0.7384154977621274
HIPK1,0.49512701623772
HNRNPK,1.4518833341466966
HSP90AA1,-0.2857116692883152
IRAK1,0.49512701623772
MAD2L1,0.7399757464977837
Metab__5thf_l,-0.3833131322780759
Metab__CE5253_l,-0.8033207454652675
Metab__HMDB0000082_n,0.45217141319171894
Metab__HMDB0000119_m,0.7940374835896665
Metab__HMDB0000121_c,0.13555257458901515
Metab__HMDB0000121_m,-1.222713285293867
Metab__HMDB0000143_e,-0.8406577018519152
Metab__HMDB0000189_n,0.612312337835714
Metab__HMDB0000638_c,-1.2911878968910773
Metab__HMDB0000972_l,-0.27859045426666723
Metab__HMDB0000972_m,0.374658241592473
Metab__HMDB0000998_n,0.2758636018425789
Metab__HMDB0001000_m,1.1328630527809513
Metab__HMDB0001056_l,-0.03604161780544719
Metab__HMDB0001149_c,0.07348283295201431
Metab__HMDB0001191_n,-0.007186461402106569
Metab__HMDB0001202_e,0.5998977239213481
Metab__HMDB0001202_m,0.2998134628956706
Metab__HMDB0001220_m,0.12963076477741883
Metab__HMDB0001220_r,0.21314111382026737
Metab__HMDB0001227_c,1.6563829322258123
Metab__HMDB0001245_n,0.7362461154189268
Metab__HMDB0001274_n,0.8135004200766015
Metab__HMDB0001308_c,-0.6258617935567259
Metab__HMDB0001338_m,-4.969586364768294
Metab__HMDB0001338_x,-6.934272021964202
Metab__HMDB0001440_n,0.07778381230653009
Metab__HMDB0001473_e,0.7969149027109442
Metab__HMDB0001473_x,0.6347112721990849
Metab__HMDB0001517_e,0.1450586686375384
Metab__HMDB0001532_n,0.4606490344862022
Metab__HMDB0001546_n,0.7799960376986229
Metab__HMDB0006404_c,-1.7201322911757935
Metab__HMDB0006534_c,0.6390913128893481
Metab__HMDB0006961_c,0.39762251994956105
Metab__HMDB0060180_e,-0.2494297251192772
Metab__fdp_e,-0.2360102706619368
Metab__sphmyln_hs_l,0.5308002948776201
NME1,-0.1855656420964702
NME2,-0.20086093263264967
PCNA,0.7970043114454852
PTGES3,0.1702080796324314
PTPN1,0.8929625434288339
RALA,0.22370010659167125
RHEB,-0.2857116692883152
RPA1,0.7970043114454852
SEC63,1.3954762239276994
TYMS,-0.11814085663996998
VCP,-2.160028551163899
ANAPC5,-0.3223054457458844
ANAPC7,-0.3223054457458844
CDC16,-0.3223054457458844
CDC23,-0.3223054457458844
CDC26,-0.3223054457458844
DDB2,0.4700067341188252
Gene1044__MTHFD2,0.2868524795107961
Gene1097__NME1_NME2_reverse,0.6326883966302478
Gene1097__NME2_NME1_reverse,0.6326883966302478
Gene1100__NME1_NME2,0.27074589014837425
Gene1100__NME1_NME2_reverse,0.724198727176805
Gene1100__NME2_NME1,0.27074589014837425
Gene1100__NME2_NME1_reverse,0.724198727176805
Gene1101__NME1_NME2,0.4503284598290003
Gene1101__NME2_NME1,0.4503284598290003
Gene140__AKR1A1,0.3320287305494979
Gene1485__CMPK1,0.724198727176805
Gene1485__CMPK1_reverse,0.27074589014837425
Gene1487__CMPK1_reverse,-0.1386755368837686
Gene14__orphanReac10FTHFtm,0.2868524795107961
Gene1700__orphanReacr0962,-1.7484139699716656
Gene1725__orphanReacr1117_reverse,1.179927374093528
Gene1764__orphanReacr1428,0.4973478456213628
Gene273400001__orphanReacFOLt2,0.17442070523644768
Gene2784__orphanReacAICARte_reverse,0.15220869177707286
Gene2852__orphanReac3PGtr_reverse,-0.13003513962823385
Gene303__orphanReacCTPtn,0.3548947990825165
Gene319__CMPK1,0.724198727176805
Gene319__CMPK1_reverse,0.1914969995986276
Gene322__CMPK1,0.724198727176805
Gene325__CMPK1,0.5212079942444697
Gene329__CMPK1,0.5212079942444697
Gene331__CMPK1,0.5212079942444697
Gene331__CMPK1_reverse,0.1914969995986276
Gene338__orphanReacDATPtn,0.1914969995986276
Gene345__orphanReacDCTPtn,0.27074589014837425
Gene364__orphanReacDHFtl,-0.11949941331017346
Gene4152__orphanReacFDPte,-0.3138191085861202
Gene4250__ACOT7,-0.6468933760357188
Gene442__orphanReacDTDPtn,0.6326883966302478
Gene4482__PRDX6_reverse,-0.6902281855737884
Gene5437__orphanReac10FTHFtl,-0.4135397012293857
Gene5486__orphanReac5AOPtm_reverse,-0.060886073710354295
Gene5770__CMPK1,0.5212079942444697
Gene5770__CMPK1_reverse,-0.1386755368837686
Gene5772__CMPK1,0.724198727176805
Gene5772__CMPK1_reverse,-0.1386755368837686
Gene5774__CMPK1,0.724198727176805
Gene5775__CMPK1,0.5212079942444697
Gene5776__CMPK1,0.8405766298474501
Gene5776__CMPK1_reverse,0.3548947990825165
Gene5777__CMPK1,0.724198727176805
Gene5780__CMPK1,0.8405766298474501
Gene5780__CMPK1_reverse,0.27074589014837425
Gene5814__orphanReacDGTPtn,-0.1386755368837686
Gene6133__NME1_reverse,0.6670601853403527
Gene6133__NME2_reverse,0.6670601853403527
Gene6245__FASN,-1.3841756514556538
Gene6745__orphanReacDCMPtr_reverse,0.5126982032183203
Gene6746__orphanReacDHAPtr_reverse,0.5802154013730485
Gene716__MTHFD1,0.2868524795107961
Gene7337__TK1,1.179927374093528
Gene7345__ALDOA_reverse,0.6357466069517974
Gene7488__orphanReacPROSTGE2t2r_reverse,0.1876466713975835
Gene7489__orphanReacPROSTGE2t2m_reverse,0.05918680076032949
Gene786__SLC2A1_reverse,-0.7821642059691961
Gene7995__orphanReacSPHMYLNtl2,0.4293926491834949
Gene8777__orphanReacDCMPtm_reverse,0.15272820770758264
Gene9010__GGH,-0.4135397012293857
Gene9015__GGH,-0.11949941331017346
Gene9287__NME1_NME2,0.3548947990825165
Gene9287__NME1_NME2_reverse,0.5212079942444697
Gene9287__NME2_NME1,0.3548947990825165
Gene9287__NME2_NME1_reverse,0.5212079942444697
Gene9289__NME1_NME2,-0.1386755368837686
Gene9289__NME2_NME1,-0.1386755368837686
Gene9290__NME1_NME2,-0.10423926014875903
Gene9290__NME2_NME1,-0.10423926014875903
Gene9292__NME1_NME2,0.1914969995986276
Gene9292__NME2_NME1,0.1914969995986276
Gene9425__orphanReacPMTCOAtx,-5.5914218849270245
Gene949__orphanReacITPtn,0.4503284598290003
Gene9543__orphanReacSPHMYLNtl,0.4293926491834949
Gene9627__CMPK1,0.5212079942444697
Gene9627__CMPK1_reverse,0.3548947990825165
Gene9629__CMPK1_reverse,0.1914969995986276
Gene9634__DTYMK,1.1145699402187967
Gene9747__DHFR,0.17442070523644768
Gene9834__orphanReacr0973_reverse,-5.801798909546764
Metab__aclys_e,0.3582076221258628
Metab__aclys_m,0.3640312232798333
NCL,0.6201037193911718
PARK7,0.3557078041743723
SQSTM1,0.3129914674411145
STIP1,0.27042568377321785
TPR,0.5454782262181613
UBE2A,0.6790476917297217
UBE2N,0.6790476917297217
ANAPC11,-0.7031325306438062
ANAPC13,-0.26732484231739484
GABARAPL2,0.063417117125042
Gene6683__orphanReacACLYSt,0.26523691395634386
Gene6684__orphanReacACLYStm_reverse,0.2668275365149964
MAP1LC3B,0.063417117125042
Metab__10fthf5glu_l,-0.552829285683612
Metab__5dhf_l,-0.41302552147280563
Metab__HMDB0000095_n,1.1553186536611528
Metab__HMDB0000121_e,0.05428889056709845
Metab__HMDB0000143_c,-0.5960848226459577
Metab__HMDB0000273_c,1.3522809157714808
Metab__HMDB0000288_n,0.6940008258630995
Metab__HMDB0000960_n,-0.6194464478812917
Metab__HMDB0001202_n,1.5610983931572926
Metab__HMDB0001227_m,1.0540158519273692
Metab__HMDB0001273_n,0.6075874864615074
Metab__HMDB0001508_n,0.4940531723445747
Metab__HMDB0003335_n,0.4674968558002132
Metab__HMDB0003344_c,0.8406366065294995
Metab__HMDB0005896_l,-2.098436465782215
Metab__sphmyln_hs_e,0.3191040100647431
NBR1,0.063417117125042
ATG3,-0.30746552437978525
Gene1101__NME1_NME2_reverse,0.3978583264419904
Gene1101__NME2_NME1_reverse,0.3978583264419904
Gene1483__CMPK1_reverse,0.8370132806503066
Gene1487__CMPK1,-0.9307758278615165
Gene1725__orphanReacr1117,1.2071022746738962
Gene2953__ABCC1,-0.17199940881569686
Gene322__CMPK1_reverse,1.7782114735973147
Gene325__CMPK1_reverse,1.3531875357872512
Gene3945__orphanReacSPHMYLN_HsSECt,0.20000295278611832
Gene4000__ABCC1,0.20000295278611832
Gene5775__CMPK1_reverse,1.124775702546318
Gene5777__CMPK1_reverse,1.7848368109360777
Gene7615__NT5C,1.395280274883673
Gene7615__NT5C2,1.395280274883673
Gene786__SLC2A1,-1.0654631628900035
Gene8988__AKR1A1_reverse,-1.0654631628900035
Gene9285__NME1_NME2,0.7032590490968024
Gene9285__NME2_NME1,0.7032590490968024
Gene9289__NME1_NME2_reverse,-0.9307758278615165
Gene9289__NME2_NME1_reverse,-0.9307758278615165
Gene9292__NME1_NME2_reverse,0.3996955295934017
Gene9292__NME2_NME1_reverse,0.3996955295934017
Gene9629__CMPK1,0.3996955295934017
ABCC1,-0.7190328014111396
CFLAR,0.5948296326413721
Metab__HMDB0001201_n,1.808331136468865
Metab__HMDB0000905_c,0.17404335636950058
Metab__HMDB0000012_c,0.9479666149225316
Metab__HMDB0001191_c,-0.3450742159740235
Metab__HMDB0001294_c,-0.5204020063449059
Metab__HMDB0000272_c,0.4384992315955288
Metab__HMDB0001173_c,-0.2829938296146582
Metab__HMDB0000050_c,0.33958929651777814
Metab__HMDB0000161_c,0.6744520633248335
Metab__HMDB0000208_c,-0.25927985321633773
Metab__HMDB0000517_c,1.1816281654068514
Metab__HMDB0000168_c,0.23454685121738003
Metab__HMDB0000191_c,-0.13407295090617943
Metab__HMDB0000056_c,0.13670670447967562
Metab__HMDB0000574_c,-1.105247422902311
Metab__HMDB0000089_c,0.6140393581447287
Metab__HMDB0000095_c,0.1593463914083406
Metab__HMDB0000742_c,-1.4676836942203269
Metab__HMDB0001321_c,-0.4938062234413883
Metab__HMDB0000134_c,0.20143877381929226
Metab__HMDB0001401_c,-0.1662278239530099
Metab__HMDB0000148_c,0.25224206772954005
Metab__HMDB0000641_c,0.4593744441372241
Metab__HMDB0000125_c,-0.8625302830928567
Metab__HMDB0001051_c,0.7104164369644039
Metab__HMDB0000139_c,1.0817186993344712
Metab__HMDB0000131_c,-1.5393803408630937
Metab__HMDB0000123_c,-0.17715696073481269
Metab__HMDB0000133_c,-1.2068083372900134
Metab__HMDB0001397_c,0.7756801962693846
Metab__HMDB0000177_c,0.31729223629696485
Metab__HMDB0000172_c,0.13965351798449369
Metab__HMDB0001851_c,-0.9371698466093153
Metab__HMDB0000190_c,0.3657412236523137
Metab__HMDB0000687_c,0.7377711428473054
Metab__HMDB0000156_c,-0.08332342674274025
Metab__HMDB0000169_c,-1.3222202615514207
Metab__HMDB0000696_c,0.6717092060855202
Metab__HMDB0001325_c,0.9839138953128481
Metab__HMDB0000904_c,0.8189986877282365
Metab__HMDB0003229_c,-1.766818801574512
Metab__HMDB0000159_c,0.5334140635484323
Metab__HMDB0000263_c,0.4038043858120053
Metab__HMDB0000162_c,0.8204434222757075
Metab__HMDB0001414_c,0.5625674945828232
Metab__HMDB0001185_c,-0.009255528912373431
Metab__HMDB0000939_c,0.3911887505883819
Metab__HMDB0000187_c,0.3432847241659946
Metab__HMDB0000247_c,-0.7841803560847684
Metab__HMDB0001257_c,-1.3239910926373872
Metab__HMDB0000806_c,-1.1602111685971455
Metab__HMDB0000167_c,0.11813666485615036
Metab__HMDB0000929_c,0.29328364917319694
Metab__HMDB0000158_c,0.3678353504243098
Metab__HMDB0000294_c,-0.6796649936447628
Metab__HMDB0000289_c,1.0910585329543878
Metab__HMDB0000296_c,-1.207529439313915
Metab__HMDB0000883_c,0.3640044904669328
Metab__HMDB0000299_c,-0.016234546989950884
Metab__HMDB0000161_m,0.6744520633248335
Metab__HMDB0000208_m,-0.25927985321633773
Metab__HMDB0000168_m,0.23454685121738003
Metab__HMDB0000191_m,-0.13407295090617943
Metab__HMDB0000056_m,0.13670670447967562
Metab__HMDB0000094_m,-0.047084971967078115
Metab__HMDB0000574_m,-1.105247422902311
Metab__HMDB0000134_m,0.20143877381929226
Metab__HMDB0000148_m,0.25224206772954005
Metab__HMDB0001051_m,0.7104164369644039
Metab__HMDB0000139_m,1.0817186993344712
Metab__HMDB0000123_m,-0.17715696073481269
Metab__HMDB0000172_m,0.13965351798449369
Metab__HMDB0000190_m,0.3657412236523137
Metab__HMDB0000687_m,0.7377711428473054
Metab__HMDB0000156_m,-0.08332342674274025
Metab__HMDB0000696_m,0.6717092060855202
Metab__HMDB0003229_m,-1.766818801574512
Metab__HMDB0000159_m,0.5334140635484323
Metab__HMDB0000162_m,0.8204434222757075
Metab__HMDB0001414_m,0.5625674945828232
Metab__HMDB0001185_m,-0.009255528912373431
Metab__HMDB0000939_m,0.3911887505883819
Metab__HMDB0000187_m,0.3432847241659946
Metab__HMDB0000254_m,-0.07776835459137837
Metab__HMDB0000167_m,0.11813666485615036
Metab__HMDB0000158_m,0.3678353504243098
Metab__HMDB0000883_m,0.3640044904669328
